image_id,source_url,status
0,https://urban-mobility-index.yolasite.com/ws/media-library/0328b5f12940492c8e48859fcddad214/why-mobility.png,captured_via_virtual_browser
1,https://urban-mobility-index.yolasite.com/ws/media-library/d45986b5fe124415b2c22fbfd2352a70/trjjpc0wss0,captured_via_virtual_browser
2,https://urban-mobility-index.yolasite.com/ws/media-library/fce71e603b714f4790517468cec70d70/method.png,captured_via_virtual_browser
3,https://urban-mobility-index.yolasite.com/ws/media-library/ea638a064db3453690fa0d14404c00cd/road-maps.jpg,captured_via_virtual_browser
4,https://urban-mobility-index.yolasite.com/ws/media-library/f5ad0be29dfa4fcfb72607e14413788d/overpass-api.png,captured_via_virtual_browser
5,https://urban-mobility-index.yolasite.com/ws/media-library/13bfb509c66d4a8bad484a0f75d94bbe/dc_node.png,captured_via_virtual_browser
6,https://urban-mobility-index.yolasite.com/ws/media-library/22792e39de194b6680b707e0978885a8/bouldercoloradouas.com.jpeg,captured_via_virtual_browser
7,https://urban-mobility-index.yolasite.com/ws/resized-images/c6ed60035bb64a1ca06fc153d02f1d2c/ann_arborannarbor.org.jpeg,captured_via_virtual_browser
8,https://urban-mobility-index.yolasite.com/ws/resized-images/dd210a4905034a2f934beeeb2f790cd7/chicagopostcarbon.org.jpeg,captured_via_virtual_browser
9,https://urban-mobility-index.yolasite.com/ws/resized-images/ae9eb61b24e445a08eee9755f0afaa51/dcnytimes.com.jpeg,captured_via_virtual_browser
10,https://urban-mobility-index.yolasite.com/ws/resized-images/2a345c2312104e5bbb83e97e79b44f84/nycpods.com.jpeg,captured_via_virtual_browser
11,https://urban-mobility-index.yolasite.com/ws/resized-images/292252452114489d8497c53a47a0f372/sfsfgate.com.jpeg,captured_via_virtual_browser
12,https://urban-mobility-index.yolasite.com/ws/resized-images/5646b61d462d41b1945b729df595dca7/madisonscore.com.jpeg,captured_via_virtual_browser
13,https://urban-mobility-index.yolasite.com/ws/resized-images/3823c97ad0de4515b88379f2891bcab0/seattle-eater.com.jpeg,captured_via_virtual_browser
14,https://urban-mobility-index.yolasite.com/ws/resized-images/4412dfebfafa4eddb4ee703279724961/tulsadowntowntulsaok.com.jpeg,captured_via_virtual_browser
15,https://urban-mobility-index.yolasite.com/ws/media-library/cdcbf523c1104d14bffa3f280e2a38b3/souped-page.gif,captured_via_virtual_browser
16,https://urban-mobility-index.yolasite.com/ws/media-library/5f2b66e26a6a4ac9a40b0c2da340128e/polydecode-py.jpg,captured_via_virtual_browser
17,https://urban-mobility-index.yolasite.com/ws/media-library/21f60aa0193a425d82eeec51eb8946ea/polydecodejs.jpg,captured_via_virtual_browser
18,https://urban-mobility-index.yolasite.com/ws/media-library/b8b1bc5ca3564ddaa4fc4400f3bee354/dc-screenshot.jpg,captured_via_virtual_browser
19,https://urban-mobility-index.yolasite.com/ws/media-library/d0766ee14872473f8aa3f3d3ea1501bd/google-api.png,captured_via_virtual_browser
20,https://urban-mobility-index.yolasite.com/ws/media-library/e540e515ac9c461cb7e914ee7addad08/polydecode-py-1.jpg,captured_via_virtual_browser
21,https://urban-mobility-index.yolasite.com/ws/media-library/7546da73bc4f44aebbd851e5b845a8f7/map-py.jpg,captured_via_virtual_browser
22,https://urban-mobility-index.yolasite.com/ws/media-library/c598b516c0c5429db48787ecddaf9372/map-py-1.jpg,captured_via_virtual_browser
23,https://urban-mobility-index.yolasite.com/ws/media-library/65451921cc7d46fb959390e25b7463c6/map-html.jpg,captured_via_virtual_browser
24,https://urban-mobility-index.yolasite.com/ws/media-library/d091c14987a74d34b04b5d2075c4cd70/map-gif.gif,captured_via_virtual_browser
25,https://urban-mobility-index.yolasite.com/ws/media-library/400018d9dd9847bc972da697b0e1534a/line-map-gif.gif,captured_via_virtual_browser
26,https://urban-mobility-index.yolasite.com/ws/media-library/a622ed6b23fa4d39beae7b6b725f4efe/img-acc.png,captured_via_virtual_browser
27,https://urban-mobility-index.yolasite.com/ws/media-library/6849ae638a4c46f58ec673e5c0c13f95/img-loss.png,captured_via_virtual_browser
28,https://urban-mobility-index.yolasite.com/ws/media-library/d5dcd6f0447044909fd15fc7befa8f46/line-acc.png,captured_via_virtual_browser
29,https://urban-mobility-index.yolasite.com/ws/media-library/adda1c8d4d684b12b0d0e434cf43b6ce/line-lo.png,captured_via_virtual_browser
30,https://urban-mobility-index.yolasite.com/ws/media-library/07e195280cf0451a87e50977ce1660b6/bus1.jpg,captured_via_virtual_browser
31,https://urban-mobility-index.yolasite.com/ws/media-library/f87a1b2357a44dcaaefd7217e7866b10/nus2.jpg,captured_via_virtual_browser
32,https://urban-mobility-index.yolasite.com/ws/media-library/29015a2b75d5432cb57a36442b80b0f1/bus3.jpg,captured_via_virtual_browser
33,https://urban-mobility-index.yolasite.com/ws/media-library/14e70ec863ab463ba2956eb9c5be353b/bus4.jpg,captured_via_virtual_browser
34,https://urban-mobility-index.yolasite.com/ws/resized-images/a8ecfe9f5923456cb9fd70ffad608ef5/chicago_hex.png,captured_via_virtual_browser
35,https://urban-mobility-index.yolasite.com/ws/resized-images/a9498865e5bb4033b91febaf01533450/chicago_intersection_kde.png,captured_via_virtual_browser
36,https://urban-mobility-index.yolasite.com/ws/resized-images/8bcea73993614ed797921365da6140a1/chicago_node.png,captured_via_virtual_browser
37,https://urban-mobility-index.yolasite.com/ws/resized-images/15d966d8445149acb4dcb4f1bf3b0e0f/chicago_street.png,captured_via_virtual_browser
38,https://urban-mobility-index.yolasite.com/ws/resized-images/c9e3160834ae43f89a009d4719e3d896/dc_hex.png,captured_via_virtual_browser
39,https://urban-mobility-index.yolasite.com/ws/resized-images/d9113c1afe0e4c809b2bd5e6d036bd90/dc_intersection_kde.png,captured_via_virtual_browser
40,https://urban-mobility-index.yolasite.com/ws/resized-images/e066fe1ed1e3475bb6457b1d7d70e283/dc_node.png,captured_via_virtual_browser
41,https://urban-mobility-index.yolasite.com/ws/resized-images/d9a76f768e754d448f1eb8de5fd7df3b/dc_street.png,captured_via_virtual_browser
42,https://urban-mobility-index.yolasite.com/ws/resized-images/276a81138eab4bd7873befdad0d042f6/nyc_hex.png,captured_via_virtual_browser
43,https://urban-mobility-index.yolasite.com/ws/resized-images/1cf0097229e2469b8e7938d572e16598/nyc_intersection_kde.png,captured_via_virtual_browser
44,https://urban-mobility-index.yolasite.com/ws/resized-images/c19d9048978b49b1804af8b3466e54dd/nyc_node.png,captured_via_virtual_browser
45,https://urban-mobility-index.yolasite.com/ws/resized-images/a76945eab6b949f69ec68993fdc54735/ny_street.png,captured_via_virtual_browser
46,https://urban-mobility-index.yolasite.com/ws/resized-images/a457d5b2631042d0a6eebc9b8b507929/sf_hex.png,captured_via_virtual_browser
47,https://urban-mobility-index.yolasite.com/ws/resized-images/befcc2dba08f42f9b99d66aa2d6f59fd/sf_intersection_kde-1.png,captured_via_virtual_browser
48,https://urban-mobility-index.yolasite.com/ws/resized-images/b05546d90862450eba11953f9d2b19f3/sf_node.png,captured_via_virtual_browser
49,https://urban-mobility-index.yolasite.com/ws/resized-images/fb1960a7b20a428ebb2f05c5d2a55cb7/sf_street.png,captured_via_virtual_browser
50,https://urban-mobility-index.yolasite.com/ws/media-library/c2f6b3da41e44338852de3dbecc0d7d0/inter1.jpg,captured_via_virtual_browser
51,https://urban-mobility-index.yolasite.com/ws/media-library/e761240a8c004ce59dd89f82f3bc6176/final-table.png,captured_via_virtual_browser
52,https://urban-mobility-index.yolasite.com/ws/media-library/cae0e18df9e840ee961ea3fb8a9116e9/kmeans.png,captured_via_virtual_browser
53,https://urban-mobility-index.yolasite.com/ws/media-library/30d7a79679354adc820c2a20aa041f6e/agglomerative-clustering.png,captured_via_virtual_browser
54,https://urban-mobility-index.yolasite.com/ws/media-library/0a93fc5b8edc40d983c019f98e5964cc/gaussian-mixture.png,captured_via_virtual_browser
55,https://urban-mobility-index.yolasite.com/ws/media-library/52080f10f274492dbe244eef9f052a99/pmcbpppbska,captured_via_virtual_browser
56,https://urban-mobility-index.yolasite.com/ws/media-library/06f480a04bd54679a2e7e06cec307816/trainingwalkscore.png,captured_via_virtual_browser
57,https://urban-mobility-index.yolasite.com/ws/media-library/f9b9c163927e4e2085a8d5b0ce2e0cb4/testwalkscore.png,captured_via_virtual_browser
58,https://urban-mobility-index.yolasite.com/ws/media-library/c8698dce5f4c4b2ca962b9af37a2806c/header.png,captured_via_virtual_browser
