,borocode,zip,geometry,longitude,latitude,index_right,PUMA,Shape_Leng,Shape_Area
0,1.0,10026,POINT (-73.95353074430393 40.80297988196676),-73.95353074430393,40.80297988196676,12,3803,38111.6886704,39843953.7438
1,1.0,10035,POINT (-73.93484756332469 40.80301816141575),-73.9348475633247,40.80301816141575,13,3804,62599.5024685,64612123.1374
2,1.0,10019,POINT (-73.97736329270697 40.76080689474172),-73.97736329270697,40.76080689474172,16,3807,71863.8360436,85622064.5857
3,1.0,10022,POINT (-73.96938170465759 40.7621860177235),-73.9693817046576,40.7621860177235,17,3808,43083.5505189,44952037.8009
4,1.0,10065,POINT (-73.95954994584243 40.76491500625342),-73.95954994584243,40.764915006253425,14,3805,54449.5033787,55222267.9563
5,1.0,10128,POINT (-73.9518056716208 40.78595979862155),-73.9518056716208,40.785959798621555,14,3805,54449.5033787,55222267.9563
6,1.0,10029,POINT (-73.94345827853815 40.79421476546373),-73.94345827853815,40.79421476546373,13,3804,62599.5024685,64612123.1374
7,2.0,10467,POINT (-73.86322248483968 40.86680442902693),-73.86322248483968,40.866804429026935,3,3704,47970.2030233,106216908.278
8,1.0,10011,POINT (-73.99335691118674 40.74046545561088),-73.99335691118674,40.74046545561088,16,3807,71863.8360436,85622064.5857
9,1.0,10282,POINT (-74.01574871232719 40.71569087343909),-74.0157487123272,40.715690873439094,19,3810,122526.958548,81024704.0028
10,2.0,10475,POINT (-73.82931594567218 40.87075330808789),-73.82931594567218,40.87075330808789,2,3703,305269.138803,267643637.839
11,2.0,10458,POINT (-73.88788268526544 40.85434421451861),-73.88788268526544,40.85434421451861,4,3705,68697.5999192,122483690.262
12,1.0,10025,POINT (-73.96760677135273 40.79587354648015),-73.96760677135273,40.79587354648015,15,3806,47538.4259936,88497862.2383
13,2.0,10458,POINT (-73.89450288645044 40.86298060519321),-73.89450288645044,40.86298060519321,5,3706,51826.0737093,43886930.6821
14,2.0,10473,POINT (-73.85017019717382 40.82662920810023),-73.85017019717382,40.82662920810023,8,3709,73288.7773801,124117768.897
15,1.0,10002,POINT (-73.99648986636721 40.71333307050747),-73.99648986636721,40.71333307050747,18,3809,36351.6176183,48695493.6207
16,2.0,10464,POINT (-73.78636658900808 40.8476919036199),-73.78636658900808,40.8476919036199,2,3703,305269.138803,267643637.839
17,2.0,10472,POINT (-73.87502060024048 40.82999287527917),-73.87502060024048,40.82999287527917,8,3709,73288.7773801,124117768.897
18,1.0,10019,POINT (-73.99122081783712 40.7649346183948),-73.99122081783712,40.764934618394804,16,3807,71863.8360436,85622064.5857
19,1.0,10030,POINT (-73.94116092350963 40.81483582138157),-73.94116092350963,40.81483582138157,12,3803,38111.6886704,39843953.7438
20,5.0,10304,POINT (-74.10113728935811 40.59039133599787),-74.1011372893581,40.59039133599787,21,3902,153372.622901,675481898.963
21,2.0,10469,POINT (-73.84506427532864 40.87013970297055),-73.84506427532864,40.87013970297055,1,3702,106167.592328,188993662.687
22,2.0,10466,POINT (-73.84083712785493 40.88889489584642),-73.84083712785493,40.88889489584642,1,3702,106167.592328,188993662.687
23,1.0,10010,POINT (-73.98204888964264 40.7380871203906),-73.98204888964264,40.738087120390595,17,3808,43083.5505189,44952037.8009
24,1.0,10033,POINT (-73.93386591312449 40.84787004116821),-73.93386591312449,40.847870041168214,10,3801,62589.0551493,81247268.6263
25,2.0,10453,POINT (-73.90931635032427 40.85742189422779),-73.90931635032427,40.85742189422779,6,3707,37374.595308,42281071.5105
26,1.0,10027,POINT (-73.95705320654999 40.8137689645727),-73.95705320654999,40.813768964572695,11,3802,37927.824564,46903009.3879
27,1.0,10017,POINT (-73.97356771683344 40.75406787555062),-73.97356771683344,40.754067875550625,17,3808,43083.5505189,44952037.8009
28,2.0,10457,POINT (-73.91008714449384 40.84400191175045),-73.91008714449384,40.844001911750446,6,3707,37374.595308,42281071.5105
29,5.0,10308,POINT (-74.15111164313684 40.55242326280796),-74.15111164313684,40.55242326280796,20,3901,189931.874969,571035855.977
30,1.0,10002,POINT (-73.97942314417445 40.71978015438276),-73.97942314417445,40.71978015438276,18,3809,36351.6176183,48695493.6207
31,1.0,10031,POINT (-73.94803241890192 40.82567237379984),-73.94803241890192,40.82567237379984,11,3802,37927.824564,46903009.3879
32,1.0,10027,POINT (-73.94331559838257 40.80616044207548),-73.94331559838257,40.80616044207548,12,3803,38111.6886704,39843953.7438
33,2.0,10452,POINT (-73.92355090156951 40.83796001685504),-73.92355090156951,40.837960016855035,7,3708,35002.7055809,55881067.7537
34,1.0,10014,POINT (-74.00533101445356 40.72998291458653),-74.00533101445356,40.72998291458653,19,3810,122526.958548,81024704.0028
35,5.0,10312,POINT (-74.19322900650182 40.53407849308034),-74.19322900650182,40.534078493080344,20,3901,189931.874969,571035855.977
36,2.0,10459,POINT (-73.89413216580388 40.81867008718861),-73.89413216580388,40.818670087188615,9,3710,90067.9543636,137760289.541
37,1.0,10034,POINT (-73.92586290917251 40.86574872073702),-73.92586290917251,40.865748720737024,10,3801,62589.0551493,81247268.6263
38,1.0,10011,POINT (-73.99916928513315 40.73463470830847),-73.99916928513315,40.73463470830847,19,3810,122526.958548,81024704.0028
39,2.0,10468,POINT (-73.90119235962918 40.86906986689302),-73.90119235962918,40.86906986689302,0,3701,53227.1136077,97928516.6801
40,2.0,10463,POINT (-73.90770595199646 40.88069989038004),-73.90770595199646,40.88069989038004,0,3701,53227.1136077,97928516.6801
41,1.0,10016,POINT (-73.97990195853163 40.74380962013242),-73.97990195853163,40.74380962013242,17,3808,43083.5505189,44952037.8009
42,1.0,10039,POINT (-73.93586246250698 40.82653201339423),-73.93586246250698,40.82653201339423,12,3803,38111.6886704,39843953.7438
43,5.0,10303,POINT (-74.16658190502365 40.63469343184469),-74.16658190502365,40.63469343184469,22,3903,153890.524919,376477826.274
44,2.0,10451,POINT (-73.91758393603561 40.82658455897067),-73.91758393603561,40.826584558970666,7,3708,35002.7055809,55881067.7537
45,1.0,10016,POINT (-73.98169851078917 40.75189156171031),-73.98169851078917,40.75189156171031,17,3808,43083.5505189,44952037.8009
46,1.0,10025,POINT (-73.96477561597041 40.80613025800837),-73.96477561597041,40.80613025800837,11,3802,37927.824564,46903009.3879
47,2.0,10462,POINT (-73.85695785375374 40.84802911005552),-73.85695785375374,40.84802911005552,3,3704,47970.2030233,106216908.278
48,2.0,10456,POINT (-73.90179407206183 40.83126291201479),-73.90179407206183,40.83126291201479,4,3705,68697.5999192,122483690.262
49,2.0,10467,POINT (-73.87838435032448 40.87437981398938),-73.87838435032448,40.87437981398938,5,3706,51826.0737093,43886930.6821
50,2.0,10454,POINT (-73.92438195200242 40.81158963775246),-73.92438195200242,40.81158963775246,9,3710,90067.9543636,137760289.541
51,1.0,10011,POINT (-73.9959685690698 40.74448733065495),-73.9959685690698,40.74448733065495,16,3807,71863.8360436,85622064.5857
52,1.0,10012,POINT (-73.99568416859454 40.72413926605543),-73.99568416859454,40.72413926605543,19,3810,122526.958548,81024704.0028
53,1.0,10007,POINT (-74.00786921340098 40.71357685109021),-74.00786921340098,40.71357685109021,19,3810,122526.958548,81024704.0028
54,5.0,10306,POINT (-74.11195814748115 40.57193184836513),-74.11195814748115,40.57193184836513,21,3902,153372.622901,675481898.963
55,1.0,10023,POINT (-73.98454684522841 40.7735069911927),-73.98454684522841,40.7735069911927,15,3806,47538.4259936,88497862.2383
56,1.0,10003,POINT (-73.98774284104663 40.72890664078863),-73.98774284104663,40.72890664078863,18,3809,36351.6176183,48695493.6207
57,2.0,10462,POINT (-73.85835004816082 40.83378098529545),-73.85835004816082,40.83378098529545,8,3709,73288.7773801,124117768.897
58,2.0,10461,POINT (-73.82790017237492 40.84431752993152),-73.82790017237492,40.844317529931516,2,3703,305269.138803,267643637.839
59,2.0,10462,POINT (-73.8641466616336 40.85487588027384),-73.8641466616336,40.85487588027384,3,3704,47970.2030233,106216908.278
60,5.0,10302,POINT (-74.13110461508398 40.63758561600359),-74.13110461508398,40.63758561600359,22,3903,153890.524919,376477826.274
61,5.0,10306,POINT (-74.13853387646311 40.56653014621018),-74.13853387646311,40.566530146210184,20,3901,189931.874969,571035855.977
62,2.0,10471,POINT (-73.90277254280693 40.90372277707978),-73.90277254280693,40.90372277707978,0,3701,53227.1136077,97928516.6801
63,1.0,10023,POINT (-73.98451216196563 40.77423207861022),-73.98451216196563,40.77423207861022,15,3806,47538.4259936,88497862.2383
64,1.0,10044,POINT (-73.95020567413508 40.76123275727826),-73.95020567413508,40.76123275727826,14,3805,54449.5033787,55222267.9563
65,1.0,10037,POINT (-73.94094393837611 40.81464862404033),-73.94094393837611,40.81464862404033,12,3803,38111.6886704,39843953.7438
66,1.0,10016,POINT (-73.98300921762814 40.74811515837409),-73.98300921762814,40.74811515837409,16,3807,71863.8360436,85622064.5857
67,2.0,10453,POINT (-73.91749501730681 40.84944450629447),-73.9174950173068,40.849444506294475,6,3707,37374.595308,42281071.5105
68,1.0,10002,POINT (-73.98850101814436 40.71440955033492),-73.98850101814436,40.71440955033492,18,3809,36351.6176183,48695493.6207
69,2.0,10473,POINT (-73.86288995608042 40.81870935224863),-73.86288995608042,40.818709352248625,8,3709,73288.7773801,124117768.897
70,5.0,10305,POINT (-74.06298045409709 40.59580257046463),-74.06298045409709,40.59580257046463,21,3902,153372.622901,675481898.963
71,2.0,10463,POINT (-73.9146501854584 40.88628523559925),-73.9146501854584,40.88628523559925,0,3701,53227.1136077,97928516.6801
72,1.0,10024,POINT (-73.97745211592564 40.78483463670837),-73.97745211592564,40.784834636708375,15,3806,47538.4259936,88497862.2383
73,5.0,10301,POINT (-74.07667836343802 40.64179934831384),-74.07667836343802,40.64179934831384,22,3903,153890.524919,376477826.274
74,5.0,10304,POINT (-74.07786385638836 40.62625652229364),-74.07786385638836,40.626256522293644,22,3903,153890.524919,376477826.274
75,1.0,10018,POINT (-73.98223080385785 40.75320442290988),-73.98223080385785,40.75320442290988,16,3807,71863.8360436,85622064.5857
76,1.0,10022,POINT (-73.97254082689402 40.75680235018433),-73.97254082689402,40.75680235018433,17,3808,43083.5505189,44952037.8009
77,2.0,10465,POINT (-73.81909493682549 40.82287218481685),-73.8190949368255,40.82287218481685,2,3703,305269.138803,267643637.839
78,5.0,10314,POINT (-74.14852127833858 40.60960200172146),-74.14852127833858,40.60960200172146,22,3903,153890.524919,376477826.274
79,1.0,10009,POINT (-73.98042071146763 40.72728802667872),-73.98042071146763,40.72728802667872,18,3809,36351.6176183,48695493.6207
80,5.0,10307,POINT (-74.24410670826178 40.50953112385938),-74.24410670826178,40.509531123859375,20,3901,189931.874969,571035855.977
81,2.0,10457,POINT (-73.89834943816875 40.84604568736388),-73.89834943816875,40.84604568736388,4,3705,68697.5999192,122483690.262
82,2.0,10463,POINT (-73.8939211860628 40.88277969546436),-73.8939211860628,40.88277969546436,0,3701,53227.1136077,97928516.6801
83,2.0,10466,POINT (-73.85958124409599 40.89108506540671),-73.85958124409599,40.891085065406706,1,3702,106167.592328,188993662.687
84,1.0,10032,POINT (-73.93971034945567 40.83454888730576),-73.93971034945567,40.834548887305765,10,3801,62589.0551493,81247268.6263
85,1.0,10021,POINT (-73.95134169404905 40.77065254346265),-73.95134169404905,40.770652543462646,14,3805,54449.5033787,55222267.9563
86,2.0,10460,POINT (-73.88301210482436 40.84464445300564),-73.88301210482436,40.844644453005635,4,3705,68697.5999192,122483690.262
87,5.0,10310,POINT (-74.11482187344863 40.63450894226954),-74.11482187344863,40.63450894226954,22,3903,153890.524919,376477826.274
88,2.0,10461,POINT (-73.84673061822738 40.84086754432402),-73.84673061822738,40.84086754432402,3,3704,47970.2030233,106216908.278
89,2.0,10470,POINT (-73.86794200000536 40.90043990975718),-73.86794200000536,40.90043990975718,1,3702,106167.592328,188993662.687
90,2.0,10456,POINT (-73.90464799347694 40.82061890603643),-73.90464799347694,40.82061890603643,9,3710,90067.9543636,137760289.541
91,1.0,10021,POINT (-73.95637252319334 40.77365564161395),-73.95637252319334,40.77365564161395,14,3805,54449.5033787,55222267.9563
92,3.0,11207,POINT (-73.88723723774561 40.68068925695902),-73.88723723774561,40.68068925695902,30,4008,97558.4670821,164339106.08
93,3.0,11209,POINT (-74.02953835191357 40.63362571338249),-74.02953835191357,40.633625713382486,35,4013,48170.458,107113832.637
94,3.0,11238,POINT (-73.95616471363496 40.68181211172472),-73.95616471363496,40.68181211172472,26,4004,73010.0956282,86682052.0213
95,3.0,11219,POINT (-73.98900318822345 40.63888883871238),-73.98900318822345,40.638888838712376,36,4014,51089.0682127,87680448.1856
96,3.0,11235,POINT (-73.9667748761715 40.57610774698186),-73.9667748761715,40.57610774698186,40,4018,76220.7229706,96030474.3336
97,3.0,11201,POINT (-73.99134798814833 40.69568255523745),-73.99134798814833,40.69568255523745,26,4004,73010.0956282,86682052.0213
98,3.0,11216,POINT (-73.94856613670774 40.67537085185231),-73.94856613670774,40.675370851852314,28,4006,42559.3069581,61860727.1531
99,3.0,11212,POINT (-73.90860343294449 40.67152665585844),-73.90860343294449,40.671526655858436,29,4007,44860.7781372,72205366.5338
100,3.0,11206,POINT (-73.93961842135727 40.70455906393867),-73.93961842135727,40.704559063938675,24,4002,44917.4130232,70686985.4608
101,3.0,11236,POINT (-73.89952442124468 40.64220845315574),-73.89952442124468,40.64220845315574,31,4009,368930.937178,343640810.866
102,3.0,11231,POINT (-73.99801906031493 40.68321351533758),-73.99801906031493,40.683213515337584,27,4005,95462.4834828,114514600.094
103,3.0,11238,POINT (-73.9682243828713 40.6723435263365),-73.9682243828713,40.672343526336505,27,4005,95462.4834828,114514600.094
104,3.0,11210,POINT (-73.94763429707129 40.63574014928098),-73.94763429707129,40.63574014928098,37,4015,50007.9713088,81045770.1741
105,3.0,11238,POINT (-73.96603066603613 40.68737909411427),-73.96603066603613,40.68737909411427,26,4004,73010.0956282,86682052.0213
106,3.0,11224,POINT (-73.9860619926265 40.57663777607667),-73.9860619926265,40.57663777607667,40,4018,76220.7229706,96030474.3336
107,3.0,11226,POINT (-73.96596507806375 40.64080354720505),-73.96596507806375,40.640803547205046,37,4015,50007.9713088,81045770.1741
108,3.0,11225,POINT (-73.9481022990789 40.66118930773445),-73.9481022990789,40.661189307734446,33,4011,34953.4245338,47617950.8156
109,3.0,11208,POINT (-73.8740348780572 40.67270747286009),-73.8740348780572,40.67270747286009,30,4008,97558.4670821,164339106.08
110,3.0,11221,POINT (-73.92839866742115 40.69481670002192),-73.92839866742115,40.694816700021924,24,4002,44917.4130232,70686985.4608
111,3.0,11228,POINT (-74.01198852021911 40.61630813697045),-74.0119885202191,40.616308136970446,35,4013,48170.458,107113832.637
112,3.0,11212,POINT (-73.91494061956683 40.65571088473936),-73.91494061956683,40.655710884739364,32,4010,49993.7073847,85916208.8562
113,3.0,11213,POINT (-73.93365084956477 40.66848651013449),-73.93365084956477,40.66848651013449,28,4006,42559.3069581,61860727.1531
114,3.0,11226,POINT (-73.95824218248399 40.6519250810446),-73.95824218248399,40.651925081044595,33,4011,34953.4245338,47617950.8156
115,3.0,11234,POINT (-73.93321325624171 40.61976819625962),-73.93321325624171,40.61976819625962,31,4009,368930.937178,343640810.866
116,3.0,11209,POINT (-74.0313694054087 40.61637311059178),-74.0313694054087,40.61637311059178,35,4013,48170.458,107113832.637
117,3.0,11229,POINT (-73.9239376273276 40.59137103427607),-73.9239376273276,40.59137103427607,38,4016,109480.188237,120716882.065
118,3.0,11223,POINT (-73.9718084463328 40.59054439000408),-73.9718084463328,40.590544390004084,40,4018,76220.7229706,96030474.3336
119,3.0,11222,POINT (-73.95069497514092 40.72602806688718),-73.95069497514092,40.72602806688718,23,4001,73897.4959714,114906677.762
120,3.0,11223,POINT (-73.98624641554409 40.60569303737044),-73.98624641554409,40.605693037370436,39,4017,48986.1529273,103016112.076
121,3.0,11223,POINT (-73.96059936964683 40.5952368631223),-73.96059936964683,40.5952368631223,38,4016,109480.188237,120716882.065
122,3.0,11236,POINT (-73.88924363004107 40.63446013901777),-73.88924363004107,40.63446013901777,31,4009,368930.937178,343640810.866
123,3.0,11218,POINT (-73.97543590517284 40.63129183260273),-73.97543590517284,40.63129183260273,37,4015,50007.9713088,81045770.1741
124,3.0,11229,POINT (-73.94112492296973 40.59486151512161),-73.94112492296973,40.594861515121615,38,4016,109480.188237,120716882.065
125,3.0,11229,POINT (-73.95310584865699 40.61025666727608),-73.95310584865699,40.610256667276076,38,4016,109480.188237,120716882.065
126,3.0,11211,POINT (-73.94793571283621 40.71364488802169),-73.94793571283621,40.71364488802169,23,4001,73897.4959714,114906677.762
127,3.0,11233,POINT (-73.93480547027619 40.68300490204431),-73.93480547027619,40.68300490204431,25,4003,44724.5004612,64036724.4504
128,3.0,11204,POINT (-73.989440154021 40.62309139633207),-73.989440154021,40.62309139633207,36,4014,51089.0682127,87680448.1856
129,3.0,11216,POINT (-73.95128349802154 40.69162308733465),-73.95128349802154,40.69162308733465,25,4003,44724.5004612,64036724.4504
130,3.0,11219,POINT (-74.01183730763366 40.62918753393924),-74.01183730763366,40.62918753393924,35,4013,48170.458,107113832.637
131,3.0,11230,POINT (-73.96031449280875 40.62589330718781),-73.96031449280875,40.62589330718781,37,4015,50007.9713088,81045770.1741
132,3.0,11234,POINT (-73.91702120710569 40.61986842104019),-73.91702120710569,40.61986842104019,31,4009,368930.937178,343640810.866
133,3.0,11207,POINT (-73.88607053682676 40.66515936973013),-73.88607053682676,40.665159369730134,30,4008,97558.4670821,164339106.08
134,3.0,11214,POINT (-74.00337654508532 40.60800934995233),-74.00337654508532,40.608009349952326,39,4017,48986.1529273,103016112.076
135,3.0,11217,POINT (-73.97858353651877 40.68346662977525),-73.97858353651877,40.68346662977525,27,4005,95462.4834828,114514600.094
136,3.0,11234,POINT (-73.91998488083019 40.63263699303789),-73.91998488083019,40.63263699303789,31,4009,368930.937178,343640810.866
137,3.0,11215,POINT (-73.98345536969875 40.66823507229803),-73.98345536969875,40.66823507229803,27,4005,95462.4834828,114514600.094
138,3.0,11231,POINT (-74.01034306908539 40.6752407736475),-74.0103430690854,40.6752407736475,27,4005,95462.4834828,114514600.094
139,3.0,11203,POINT (-73.93035653080916 40.64861929304924),-73.93035653080916,40.64861929304924,32,4010,49993.7073847,85916208.8562
140,3.0,11204,POINT (-73.97596652755537 40.61587982519312),-73.97596652755537,40.61587982519312,36,4014,51089.0682127,87680448.1856
141,3.0,11233,POINT (-73.91513241598248 40.68481004767251),-73.91513241598248,40.68481004767251,29,4007,44860.7781372,72205366.5338
142,3.0,11235,POINT (-73.95537377987904 40.58701342922593),-73.95537377987904,40.58701342922593,38,4016,109480.188237,120716882.065
143,3.0,11207,POINT (-73.88586614058737 40.65320976133398),-73.88586614058737,40.653209761333976,30,4008,97558.4670821,164339106.08
144,3.0,11212,POINT (-73.90524945420668 40.66449962821875),-73.90524945420668,40.66449962821875,29,4007,44860.7781372,72205366.5338
145,3.0,11220,POINT (-74.01363000121501 40.64591212398883),-74.013630001215,40.64591212398883,34,4012,96983.6271364,112208109.35
146,3.0,11214,POINT (-73.98862740604375 40.59268511632151),-73.98862740604375,40.59268511632151,39,4017,48986.1529273,103016112.076
147,3.0,11205,POINT (-73.97773263286963 40.69448969834957),-73.97773263286963,40.69448969834957,26,4004,73010.0956282,86682052.0213
148,3.0,11237,POINT (-73.91220085369726 40.69749505302998),-73.91220085369726,40.697495053029975,24,4002,44917.4130232,70686985.4608
149,3.0,11211,POINT (-73.9575546134494 40.70693042467486),-73.9575546134494,40.70693042467486,23,4001,73897.4959714,114906677.762
150,3.0,11218,POINT (-73.9767587688368 40.64875019151304),-73.9767587688368,40.64875019151304,34,4012,96983.6271364,112208109.35
151,4.0,11692,POINT (-73.78404002857111 40.59314678303443),-73.78404002857111,40.59314678303443,54,4114,402487.073726,310522670.444
152,4.0,11102,POINT (-73.92874209024014 40.77237538146876),-73.92874209024014,40.77237538146876,41,4101,76015.2039665,143819416.07
153,4.0,11358,POINT (-73.79634178839724 40.77374625571075),-73.79634178839724,40.773746255710755,43,4103,149451.567392,329873810.656
154,4.0,11436,POINT (-73.79167861112357 40.68031131164878),-73.79167861112357,40.68031131164878,52,4112,72793.6040684,260049220.98
155,4.0,11360,POINT (-73.77701089642582 40.78252384357715),-73.77701089642582,40.78252384357715,43,4103,149451.567392,329873810.656
156,4.0,11361,POINT (-73.76836198066813 40.76012558120687),-73.76836198066813,40.76012558120687,44,4104,104978.089545,260047824.698
157,4.0,11426,POINT (-73.71710447116403 40.7351605518022),-73.71710447116403,40.7351605518022,45,4105,206027.45579,550135981.616
158,4.0,11435,POINT (-73.81945312008847 40.71003455781208),-73.81945312008847,40.71003455781208,46,4106,79842.9340986,207308619.71
159,4.0,11693,POINT (-73.82005265821793 40.60073210518514),-73.82005265821793,40.600732105185145,54,4114,402487.073726,310522670.444
160,4.0,11103,POINT (-73.91862332039818 40.75852926696433),-73.91862332039818,40.75852926696433,41,4101,76015.2039665,143819416.07
161,4.0,11411,POINT (-73.74116313648599 40.69572260595064),-73.741163136486,40.695722605950635,45,4105,206027.45579,550135981.616
162,4.0,11432,POINT (-73.7946780399278 40.70787313178586),-73.7946780399278,40.70787313178586,52,4112,72793.6040684,260049220.98
163,4.0,11368,POINT (-73.86197684397808 40.7508940803989),-73.86197684397808,40.7508940803989,42,4102,64416.9369837,117155733.277
164,4.0,11101,POINT (-73.94442138618983 40.74689957448345),-73.94442138618983,40.74689957448345,49,4109,95211.0194607,167050353.269
165,4.0,11363,POINT (-73.73822944076473 40.768225432005),-73.73822944076473,40.768225432005,44,4104,104978.089545,260047824.698
166,4.0,11369,POINT (-73.87386662995279 40.76242212968529),-73.87386662995279,40.76242212968529,42,4102,64416.9369837,117155733.277
167,4.0,11358,POINT (-73.78430296366649 40.75754567961285),-73.78430296366649,40.757545679612846,44,4104,104978.089545,260047824.698
168,4.0,11373,POINT (-73.87797365739723 40.73830324053647),-73.87797365739723,40.738303240536474,47,4107,100417.206182,107515663.696
169,4.0,11691,POINT (-73.75247942402618 40.60431350914963),-73.75247942402618,40.60431350914963,54,4114,402487.073726,310522670.444
170,4.0,11355,POINT (-73.82888468513289 40.75777406826378),-73.82888468513289,40.75777406826378,43,4103,149451.567392,329873810.656
171,4.0,11375,POINT (-73.84301499681045 40.72214695316669),-73.84301499681045,40.722146953166686,48,4108,37999.6381715,77765102.8446
172,4.0,11365,POINT (-73.78228143761608 40.74158266352509),-73.78228143761608,40.74158266352509,46,4106,79842.9340986,207308619.71
173,4.0,11004,POINT (-73.71484580101803 40.7451721981331),-73.71484580101803,40.745172198133105,45,4105,206027.45579,550135981.616
174,4.0,11385,POINT (-73.87574434777649 40.702585245599),-73.87574434777649,40.702585245598996,50,4110,71251.3267965,205047603.928
175,4.0,11366,POINT (-73.78191929899681 40.72925482196691),-73.78191929899681,40.72925482196691,46,4106,79842.9340986,207308619.71
176,4.0,11423,POINT (-73.76232032699329 40.72016653691723),-73.76232032699329,40.720166536917226,46,4106,79842.9340986,207308619.71
177,4.0,11414,POINT (-73.84180221655218 40.66381025649444),-73.84180221655218,40.66381025649444,53,4113,111168.400005,172024816.056
178,4.0,11372,POINT (-73.88506932468307 40.75019608559315),-73.88506932468307,40.75019608559315,42,4102,64416.9369837,117155733.277
179,4.0,11367,POINT (-73.82226966032037 40.72693697185495),-73.82226966032037,40.72693697185495,46,4106,79842.9340986,207308619.71
180,4.0,11368,POINT (-73.86819939085701 40.75757730185452),-73.86819939085701,40.757577301854525,42,4102,64416.9369837,117155733.277
181,4.0,11413,POINT (-73.74567356126445 40.67695272804687),-73.74567356126445,40.67695272804687,45,4105,206027.45579,550135981.616
182,4.0,11419,POINT (-73.82482969850855 40.68690728824833),-73.82482969850855,40.68690728824833,53,4113,111168.400005,172024816.056
183,4.0,11368,POINT (-73.86165592933878 40.7374341379485),-73.86165592933878,40.737434137948505,47,4107,100417.206182,107515663.696
184,4.0,11101,POINT (-73.93930930198185 40.75780342796006),-73.93930930198185,40.75780342796006,41,4101,76015.2039665,143819416.07
185,4.0,11378,POINT (-73.89310456490118 40.72699537010918),-73.89310456490118,40.72699537010918,50,4110,71251.3267965,205047603.928
186,4.0,11354,POINT (-73.8098334843409 40.76375031625646),-73.8098334843409,40.76375031625646,43,4103,149451.567392,329873810.656
187,4.0,11379,POINT (-73.88085934625774 40.71293387617611),-73.88085934625774,40.71293387617611,50,4110,71251.3267965,205047603.928
188,4.0,11354,POINT (-73.82694112165963 40.76914153216748),-73.82694112165963,40.76914153216748,43,4103,149451.567392,329873810.656
189,4.0,11375,POINT (-73.85367250555949 40.71115685830539),-73.85367250555949,40.711156858305394,48,4108,37999.6381715,77765102.8446
190,4.0,11362,POINT (-73.73183792044951 40.75925363922453),-73.73183792044951,40.75925363922453,44,4104,104978.089545,260047824.698
191,4.0,11417,POINT (-73.84648846296761 40.68086717885689),-73.84648846296761,40.680867178856886,53,4113,111168.400005,172024816.056
192,4.0,11693,POINT (-73.81606502823946 40.58586414713836),-73.81606502823946,40.58586414713836,54,4114,402487.073726,310522670.444
193,4.0,11365,POINT (-73.81009488691065 40.732925077255),-73.81009488691065,40.732925077255004,46,4106,79842.9340986,207308619.71
194,4.0,11356,POINT (-73.84601807353184 40.78621310340785),-73.84601807353184,40.786213103407846,43,4103,149451.567392,329873810.656
195,4.0,11691,POINT (-73.75351240691268 40.60239019036059),-73.75351240691268,40.60239019036059,54,4114,402487.073726,310522670.444
196,4.0,11428,POINT (-73.73904906070274 40.7198883271777),-73.73904906070274,40.7198883271777,45,4105,206027.45579,550135981.616
197,4.0,11355,POINT (-73.82516996389201 40.74293094649011),-73.82516996389201,40.74293094649011,43,4103,149451.567392,329873810.656
198,4.0,11101,POINT (-73.94424078652605 40.75507371804147),-73.94424078652605,40.755073718041466,41,4101,76015.2039665,143819416.07
199,4.0,11106,POINT (-73.93640396909242 40.76067995120377),-73.93640396909242,40.76067995120377,41,4101,76015.2039665,143819416.07
200,4.0,11374,POINT (-73.86450282598912 40.72731656026829),-73.86450282598912,40.72731656026829,48,4108,37999.6381715,77765102.8446
201,4.0,11418,POINT (-73.83164233461157 40.70079720332697),-73.83164233461157,40.70079720332697,51,4111,56320.396492,132524480.546
202,4.0,11385,POINT (-73.90258827579805 40.70522689472795),-73.90258827579805,40.70522689472795,50,4110,71251.3267965,205047603.928
203,4.0,11434,POINT (-73.7705902160538 40.67287520439724),-73.7705902160538,40.67287520439724,52,4112,72793.6040684,260049220.98
204,4.0,11422,POINT (-73.73991101315558 40.659963623126),-73.73991101315558,40.659963623126,45,4105,206027.45579,550135981.616
205,4.0,11694,POINT (-73.83774700520225 40.57940488152449),-73.83774700520225,40.57940488152449,54,4114,402487.073726,310522670.444
206,4.0,11412,POINT (-73.75379739629261 40.70700391135426),-73.75379739629261,40.707003911354256,52,4112,72793.6040684,260049220.98
207,4.0,11433,POINT (-73.79021187041809 40.69561111757665),-73.79021187041809,40.695611117576654,52,4112,72793.6040684,260049220.98
208,4.0,11420,POINT (-73.80926182925428 40.6747839537347),-73.80926182925428,40.674783953734696,53,4113,111168.400005,172024816.056
209,4.0,11412,POINT (-73.76007289358745 40.69249997141939),-73.76007289358745,40.69249997141939,52,4112,72793.6040684,260049220.98
210,4.0,11105,POINT (-73.90945659290355 40.77682707405275),-73.90945659290355,40.77682707405275,41,4101,76015.2039665,143819416.07
211,4.0,11104,POINT (-73.9216680312544 40.7408466968306),-73.9216680312544,40.7408466968306,49,4109,95211.0194607,167050353.269
212,4.0,11357,POINT (-73.81070183926587 40.78854019464647),-73.81070183926587,40.78854019464647,43,4103,149451.567392,329873810.656
213,4.0,11364,POINT (-73.7556194209342 40.73450483347836),-73.7556194209342,40.73450483347836,44,4104,104978.089545,260047824.698
214,4.0,11421,POINT (-73.86145741517984 40.69453115325741),-73.86145741517984,40.69453115325741,51,4111,56320.396492,132524480.546
215,4.0,11377,POINT (-73.9097937387323 40.74534171298671),-73.9097937387323,40.745341712986715,49,4109,95211.0194607,167050353.269
