,line,name,geometry,longitude,latitude,index_right,PUMA,Shape_Leng,Shape_Area
0,4-6-6 Express,Astor Pl,POINT (-73.99106999861966 40.73005400028978),-73.99106999861966,40.73005400028978,19,3810,122526.958548,81024704.0028
1,4-6-6 Express,Canal St,POINT (-74.00019299927328 40.71880300107709),-74.00019299927328,40.71880300107709,19,3810,122526.958548,81024704.0028
2,1-2,50th St,POINT (-73.98384899986625 40.76172799961419),-73.98384899986625,40.76172799961419,16,3807,71863.8360436,85622064.5857
3,2-3-4,Bergen St,POINT (-73.97499915116808 40.68086213682956),-73.97499915116808,40.68086213682956,27,4005,95462.4834828,114514600.094
4,3-4,Pennsylvania Ave,POINT (-73.89488591154061 40.66471445143568),-73.89488591154061,40.66471445143568,29,4007,44860.7781372,72205366.5338
5,1,238th St,POINT (-73.90087000018522 40.88466700064975),-73.90087000018522,40.88466700064975,0,3701,53227.1136077,97928516.6801
6,A-B-C,Cathedral Pkwy (110th St),POINT (-73.95806670661364 40.80058155811496),-73.95806670661364,40.800581558114956,12,3803,38111.6886704,39843953.7438
7,A-C,Kingston - Throop Aves,POINT (-73.94085899871263 40.67991899941601),-73.94085899871263,40.67991899941601,28,4006,42559.3069581,61860727.1531
8,E-M-R,65th St,POINT (-73.8987883783301 40.74971952935675),-73.8987883783301,40.74971952935675,49,4109,95211.0194607,167050353.269
9,E-M-R,36th St,POINT (-73.92901818461539 40.75196004401078),-73.92901818461539,40.75196004401078,49,4109,95211.0194607,167050353.269
10,J-M-Z,Delancey St - Essex St,POINT (-73.98740940202974 40.71830605618619),-73.98740940202974,40.71830605618619,18,3809,36351.6176183,48695493.6207
11,J-Z,Van Siclen Ave,POINT (-73.89165772702445 40.67802821447783),-73.89165772702445,40.67802821447783,30,4008,97558.4670821,164339106.08
12,J-Z,Norwood Ave,POINT (-73.87962599910783 40.68152000045683),-73.87962599910783,40.68152000045683,30,4008,97558.4670821,164339106.08
13,J-Z,104th-102nd Sts,POINT (-73.84443500029684 40.69516599823373),-73.84443500029684,40.69516599823373,51,4111,56320.396492,132524480.546
14,B-D-N-Q-R,DeKalb Ave,POINT (-73.98177094440949 40.69064811996979),-73.98177094440949,40.690648119969794,26,4004,73010.0956282,86682052.0213
15,A-S,Beach 105th St,POINT (-73.82758075034528 40.58326843810286),-73.82758075034528,40.58326843810286,54,4114,402487.073726,310522670.444
16,A-S,Beach 90th St,POINT (-73.81365140419632 40.58809156457325),-73.81365140419632,40.58809156457325,54,4114,402487.073726,310522670.444
17,2-5,Freeman St,POINT (-73.89175225349464 40.82998744638412),-73.89175225349464,40.829987446384116,4,3705,68697.5999192,122483690.262
18,2-5,Intervale Ave,POINT (-73.89661738461646 40.82214213117079),-73.89661738461646,40.822142131170786,9,3710,90067.9543636,137760289.541
19,B-D,182nd-183rd Sts,POINT (-73.90074099998965 40.85609299881864),-73.90074099998965,40.85609299881864,6,3707,37374.595308,42281071.5105
20,B-D,174th-175th Sts,POINT (-73.91013600050078 40.84589999983414),-73.91013600050078,40.84589999983414,6,3707,37374.595308,42281071.5105
21,B-D,167th St,POINT (-73.91843200082253 40.83376899862797),-73.91843200082253,40.83376899862797,7,3708,35002.7055809,55881067.7537
22,7-7 Express,Mets - Willets Point,POINT (-73.8456249984179 40.75462199881262),-73.8456249984179,40.75462199881262,47,4107,100417.206182,107515663.696
23,7-7 Express,Junction Blvd,POINT (-73.86952700103515 40.74914499948836),-73.86952700103515,40.74914499948836,47,4107,100417.206182,107515663.696
24,7-7 Express,Flushing - Main St,POINT (-73.83003000262508 40.75959999915012),-73.83003000262508,40.75959999915012,43,4103,149451.567392,329873810.656
25,6-6 Express,Buhre Ave,POINT (-73.83256900003744 40.8468099988855),-73.83256900003744,40.846809998885504,2,3703,305269.138803,267643637.839
26,6-6 Express,3rd Ave - 138th St,POINT (-73.92613800014134 40.81047600117261),-73.92613800014134,40.81047600117261,9,3710,90067.9543636,137760289.541
27,6-6 Express,Castle Hill Ave,POINT (-73.85122199961472 40.83425499825462),-73.85122199961472,40.83425499825462,8,3709,73288.7773801,124117768.897
28,4-5-6-6 Express,Brooklyn Bridge - City Hall,POINT (-74.0041310005885 40.71306499943314),-74.0041310005885,40.713064999433136,19,3810,122526.958548,81024704.0028
29,6-6 Express,Zerega Ave,POINT (-73.84703599875439 40.83648800060816),-73.8470359987544,40.836488000608156,8,3709,73288.7773801,124117768.897
30,4-5-6-6 Express,Grand Central - 42nd St,POINT (-73.97671329925841 40.75180742981634),-73.9767132992584,40.75180742981634,17,3808,43083.5505189,44952037.8009
31,4-6-6 Express,33rd St,POINT (-73.98207600148947 40.74608099909145),-73.98207600148947,40.74608099909145,16,3807,71863.8360436,85622064.5857
32,4-6-6 Express,96th St,POINT (-73.9510700015425 40.78567199998607),-73.9510700015425,40.78567199998607,14,3805,54449.5033787,55222267.9563
33,4-6-6 Express,77th St,POINT (-73.95987399886047 40.77362000074615),-73.95987399886047,40.77362000074615,14,3805,54449.5033787,55222267.9563
34,J-Z,Chauncey St,POINT (-73.91038357033376 40.68285130087804),-73.91038357033376,40.68285130087804,29,4007,44860.7781372,72205366.5338
35,D-N-R,Union St,POINT (-73.98310999909673 40.67731566735096),-73.98310999909673,40.67731566735096,27,4005,95462.4834828,114514600.094
36,E-M-R,Elmhurst Ave,POINT (-73.8820347465864 40.74237007972169),-73.8820347465864,40.74237007972169,47,4107,100417.206182,107515663.696
37,A-C,Ralph Ave,POINT (-73.92078599933306 40.67882200087337),-73.92078599933306,40.678822000873375,29,4007,44860.7781372,72205366.5338
38,2-5,Pelham Pkwy,POINT (-73.86748067850041 40.8571924091606),-73.86748067850041,40.8571924091606,3,3704,47970.2030233,106216908.278
39,2-5,Gun Hill Rd,POINT (-73.86613410538703 40.87783938517202),-73.86613410538703,40.877839385172024,1,3702,106167.592328,188993662.687
40,2-5,Nereid Ave (238 St),POINT (-73.8543153107622 40.89828651557529),-73.8543153107622,40.898286515575286,1,3702,106167.592328,188993662.687
41,2-3-4-5,Franklin Ave,POINT (-73.9580997367769 40.67076515344894),-73.9580997367769,40.67076515344894,28,4006,42559.3069581,61860727.1531
42,2-5,Simpson St,POINT (-73.89306639507903 40.8239768412374),-73.89306639507903,40.823976841237396,9,3710,90067.9543636,137760289.541
43,2-5,Bronx Park East,POINT (-73.86835609178098 40.84876866633893),-73.86835609178098,40.848768666338934,4,3705,68697.5999192,122483690.262
44,2-5,Winthrop St,POINT (-73.95007934590994 40.65665931376077),-73.95007934590994,40.65665931376077,33,4011,34953.4245338,47617950.8156
45,3-4,Van Siclen Ave,POINT (-73.88940491730106 40.66551796305964),-73.88940491730106,40.665517963059635,30,4008,97558.4670821,164339106.08
46,4,149th St - Grand Concourse,POINT (-73.92738475426179 40.81830344372315),-73.9273847542618,40.81830344372315,9,3710,90067.9543636,137760289.541
47,4,161st St - Yankee Stadium,POINT (-73.92569199505733 40.82823032742169),-73.92569199505733,40.82823032742169,7,3708,35002.7055809,55881067.7537
48,4-5-6-6 Express,Lexington Ave - 59th St,POINT (-73.96796700047319 40.76252600030458),-73.9679670004732,40.762526000304575,14,3805,54449.5033787,55222267.9563
49,6,E 149th St,POINT (-73.90409799875945 40.81211799827203),-73.90409799875945,40.81211799827203,9,3710,90067.9543636,137760289.541
50,6,Morrison Av - Soundview,POINT (-73.87451599929486 40.82952100156747),-73.87451599929486,40.82952100156747,8,3709,73288.7773801,124117768.897
51,6,Whitlock Ave,POINT (-73.88628299853249 40.82652500055904),-73.8862829985325,40.82652500055904,9,3710,90067.9543636,137760289.541
52,6,St Lawrence Ave,POINT (-73.86761799923673 40.8315090005233),-73.86761799923673,40.8315090005233,8,3709,73288.7773801,124117768.897
53,7-7 Express,Woodside - 61st St,POINT (-73.90298400173006 40.74563000113839),-73.90298400173006,40.745630001138395,49,4109,95211.0194607,167050353.269
54,A,Far Rockaway - Mott Ave,POINT (-73.75540499924732 40.60399500168754),-73.75540499924732,40.603995001687544,54,4114,402487.073726,310522670.444
55,A-B-C,72nd St,POINT (-73.976336575218 40.77551939729258),-73.976336575218,40.77551939729258,15,3806,47538.4259936,88497862.2383
56,A-B-C,96th St,POINT (-73.96460245687166 40.79161879767014),-73.96460245687166,40.79161879767014,15,3806,47538.4259936,88497862.2383
57,A-C,168th St,POINT (-73.93956099985425 40.84071899990795),-73.93956099985425,40.84071899990795,10,3801,62589.0551493,81247268.6263
58,B-D,Kingsbridge Rd,POINT (-73.89350900003311 40.86697799999945),-73.8935090000331,40.86697799999945,5,3706,51826.0737093,43886930.6821
59,B-D-F-M,42nd St - Bryant Pk,POINT (-73.98459099904711 40.75418400131255),-73.98459099904711,40.754184001312545,16,3807,71863.8360436,85622064.5857
60,B-Q-S,Prospect Park,POINT (-73.96203130426609 40.6616334551018),-73.96203130426609,40.6616334551018,33,4011,34953.4245338,47617950.8156
61,D,55th St,POINT (-73.99534882595742 40.63147876093745),-73.99534882595742,40.63147876093745,36,4014,51089.0682127,87680448.1856
62,E,Jamaica - Van Wyck,POINT (-73.81701287135405 40.70289855287313),-73.81701287135405,40.70289855287313,51,4111,56320.396492,132524480.546
63,E-F,Kew Gardens - Union Tpke,POINT (-73.8303702709878 40.71403481957103),-73.8303702709878,40.714034819571026,51,4111,56320.396492,132524480.546
64,E-J-Z,Sutphin Blvd - Archer Av,POINT (-73.80800471963833 40.700382424235),-73.80800471963833,40.700382424235,52,4112,72793.6040684,260049220.98
65,E-M,Court Sq - 23rd St,POINT (-73.94605470266329 40.74776812141432),-73.94605470266329,40.747768121414325,49,4109,95211.0194607,167050353.269
66,E-M-R,67th Ave,POINT (-73.85286048434907 40.72650547581301),-73.85286048434907,40.726505475813006,48,4108,37999.6381715,77765102.8446
67,E-M-R,Grand Ave - Newtown,POINT (-73.87722085669182 40.73681341819714),-73.87722085669182,40.736813418197144,47,4107,100417.206182,107515663.696
68,F,Ditmas Ave,POINT (-73.97817199965161 40.63611866666291),-73.97817199965161,40.63611866666291,36,4014,51089.0682127,87680448.1856
69,G,Classon Ave,POINT (-73.95999000137212 40.68888900026455),-73.95999000137212,40.68888900026455,25,4003,44724.5004612,64036724.4504
70,G,Broadway,POINT (-73.95031225606621 40.70612657627417),-73.95031225606621,40.706126576274166,23,4001,73897.4959714,114906677.762
71,L,Lorimer St,POINT (-73.95024799996972 40.71407200064717),-73.95024799996972,40.71407200064717,23,4001,73897.4959714,114906677.762
72,L,Sutter Ave,POINT (-73.9019160004208 40.66914500061398),-73.9019160004208,40.66914500061398,29,4007,44860.7781372,72205366.5338
73,L,Wilson Ave,POINT (-73.90395860491864 40.68886654246024),-73.90395860491864,40.68886654246024,24,4002,44917.4130232,70686985.4608
74,J,Halsey St,POINT (-73.9166388842194 40.68641527070434),-73.9166388842194,40.686415270704344,24,4002,44917.4130232,70686985.4608
75,J-M,Lorimer St,POINT (-73.94735499884204 40.7038440000421),-73.94735499884204,40.703844000042096,23,4001,73897.4959714,114906677.762
76,N,8th Ave,POINT (-74.01151599772157 40.63497099964717),-74.01151599772157,40.634970999647166,34,4012,96983.6271364,112208109.35
77,N-W,36th Ave,POINT (-73.929861999118 40.7564420005104),-73.929861999118,40.7564420005104,41,4101,76015.2039665,143819416.07
78,N-W,Broadway,POINT (-73.92582299919906 40.76143199880055),-73.92582299919906,40.761431998800546,41,4101,76015.2039665,143819416.07
79,N-Q-R-W,Times Sq - 42nd St,POINT (-73.98676800153976 40.75461199851542),-73.98676800153976,40.75461199851542,16,3807,71863.8360436,85622064.5857
80,S,Grand Central - 42nd St,POINT (-73.97918899989101 40.75276866674217),-73.97918899989101,40.75276866674217,16,3807,71863.8360436,85622064.5857
81,S,Park Pl,POINT (-73.95762400074634 40.67477166685263),-73.95762400074634,40.67477166685263,28,4006,42559.3069581,61860727.1531
82,A-S,111th St,POINT (-73.83216299845388 40.68433100001238),-73.83216299845388,40.68433100001238,53,4113,111168.400005,172024816.056
83,B-D-F-M,W 4th St - Washington Sq (Lower),POINT (-74.00030814755975 40.73225449336788),-74.00030814755975,40.732254493367876,19,3810,122526.958548,81024704.0028
84,4-6-6 Express,51st St,POINT (-73.97192000069982 40.75710699989316),-73.97192000069982,40.75710699989316,17,3808,43083.5505189,44952037.8009
85,1-2,86th St,POINT (-73.97621799859327 40.78864400073892),-73.97621799859327,40.78864400073892,15,3806,47538.4259936,88497862.2383
86,2-5,233rd St,POINT (-73.85736239521543 40.89314324138378),-73.85736239521543,40.89314324138378,1,3702,106167.592328,188993662.687
87,1-2,66th St - Lincoln Ctr,POINT (-73.98220899995783 40.77344000052039),-73.98220899995783,40.77344000052039,15,3806,47538.4259936,88497862.2383
88,6-6 Express,Hunts Point Ave,POINT (-73.89054900017344 40.82094799852307),-73.89054900017344,40.82094799852307,9,3710,90067.9543636,137760289.541
89,1-2,Canal St,POINT (-74.0062770001748 40.72285399778783),-74.0062770001748,40.72285399778783,19,3810,122526.958548,81024704.0028
90,6-6 Express,Middletown Rd,POINT (-73.83632199755944 40.84386300128381),-73.83632199755944,40.84386300128381,2,3703,305269.138803,267643637.839
91,4-6-6 Express,23rd St,POINT (-73.98659900207888 40.7398640004746),-73.98659900207888,40.739864000474604,16,3807,71863.8360436,85622064.5857
92,7-7 Express,Court Sq,POINT (-73.94526400039679 40.74702299889643),-73.94526400039679,40.74702299889643,49,4109,95211.0194607,167050353.269
93,1-2,59th St - Columbus Circle,POINT (-73.98192900232715 40.76824700063689),-73.98192900232715,40.76824700063689,15,3806,47538.4259936,88497862.2383
94,7-7 Express,Hunters Point Ave,POINT (-73.94891600093909 40.74221599986316),-73.9489160009391,40.74221599986316,49,4109,95211.0194607,167050353.269
95,1-2,23rd St,POINT (-73.99565700164869 40.74408099989751),-73.9956570016487,40.74408099989751,16,3807,71863.8360436,85622064.5857
96,1-2,Houston St,POINT (-74.00536700180581 40.7282510007302),-74.00536700180581,40.728251000730204,19,3810,122526.958548,81024704.0028
97,A-S,104th St,POINT (-73.83768300060997 40.68171100109119),-73.83768300060997,40.681711001091195,53,4113,111168.400005,172024816.056
98,A-S,Broad Channel,POINT (-73.81583268782963 40.60840218069683),-73.81583268782963,40.60840218069683,54,4114,402487.073726,310522670.444
99,Q,Ocean Pkwy,POINT (-73.96850099975177 40.57631166708091),-73.96850099975177,40.57631166708091,40,4018,76220.7229706,96030474.3336
100,7-7 Express,Vernon Blvd - Jackson Ave,POINT (-73.95358099875249 40.74262599969749),-73.95358099875249,40.74262599969749,49,4109,95211.0194607,167050353.269
101,4-6-6 Express,68th St - Hunter College,POINT (-73.96387000158042 40.76814100049679),-73.96387000158042,40.76814100049679,14,3805,54449.5033787,55222267.9563
102,7-7 Express-N-W,Queensboro Plz,POINT (-73.94016353519091 40.7506356510148),-73.9401635351909,40.750635651014804,41,4101,76015.2039665,143819416.07
103,A-S,Rockaway Blvd,POINT (-73.8438529979573 40.68042899958841),-73.8438529979573,40.680428999588415,53,4113,111168.400005,172024816.056
104,4-5-6-6 Express,Union Sq - 14th St,POINT (-73.98995099881881 40.73467300099612),-73.98995099881881,40.734673000996125,16,3807,71863.8360436,85622064.5857
105,G,Bedford - Nostrand Aves,POINT (-73.95352200064022 40.68962700158444),-73.95352200064022,40.68962700158444,25,4003,44724.5004612,64036724.4504
106,F-G,15th St - Prospect Park,POINT (-73.97973580592873 40.66003568810021),-73.97973580592873,40.66003568810021,34,4012,96983.6271364,112208109.35
107,F-G,7th Ave,POINT (-73.98025117900944 40.66624469001985),-73.98025117900944,40.66624469001985,27,4005,95462.4834828,114514600.094
108,F-G,Ft Hamilton Pkwy,POINT (-73.97577599917474 40.65078166803418),-73.97577599917474,40.65078166803418,34,4012,96983.6271364,112208109.35
109,F-G,Church Ave,POINT (-73.97972116229084 40.64427200012998),-73.97972116229084,40.64427200012998,36,4014,51089.0682127,87680448.1856
110,Q,Beverly Rd,POINT (-73.96435779623125 40.64390459860419),-73.96435779623125,40.64390459860419,37,4015,50007.9713088,81045770.1741
111,B-Q,Church Ave,POINT (-73.96288246192114 40.65049324646484),-73.96288246192114,40.65049324646484,37,4015,50007.9713088,81045770.1741
112,B-Q,Newkirk Ave,POINT (-73.96269486837261 40.63514193733789),-73.96269486837261,40.63514193733789,37,4015,50007.9713088,81045770.1741
113,Q,Parkside Ave,POINT (-73.96145343987648 40.65507304163716),-73.96145343987648,40.65507304163716,33,4011,34953.4245338,47617950.8156
114,2-3-4,Grand Army Plaza,POINT (-73.97095633192281 40.6752946951032),-73.9709563319228,40.6752946951032,27,4005,95462.4834828,114514600.094
115,2-3-4-5,Atlantic Av - Barclay's Center,POINT (-73.97754993539385 40.68442016526762),-73.97754993539385,40.68442016526762,26,4004,73010.0956282,86682052.0213
116,A-C,Rockaway Ave,POINT (-73.91194599726617 40.67833999988351),-73.91194599726617,40.678339999883505,29,4007,44860.7781372,72205366.5338
117,G,Fulton St,POINT (-73.97537499833149 40.68711899950771),-73.97537499833149,40.68711899950771,26,4004,73010.0956282,86682052.0213
118,G,Clinton - Washington Aves,POINT (-73.9667959986695 40.68809400106055),-73.9667959986695,40.68809400106055,26,4004,73010.0956282,86682052.0213
119,B-Q,7th Ave,POINT (-73.97285279191024 40.67710217983294),-73.97285279191024,40.67710217983294,28,4006,42559.3069581,61860727.1531
120,B-Q,Atlantic Av - Barclay's Center,POINT (-73.97678343963167 40.68448832345369),-73.97678343963167,40.684488323453685,26,4004,73010.0956282,86682052.0213
121,D-N-Q-R,Atlantic Av - Barclay's Center,POINT (-73.97880999956767 40.68366566727943),-73.97880999956767,40.683665667279435,27,4005,95462.4834828,114514600.094
122,4-5,Borough Hall,POINT (-73.99015100090539 40.69240399999104),-73.99015100090539,40.692403999991036,26,4004,73010.0956282,86682052.0213
123,A,Aqueduct Racetrack,POINT (-73.83591899965162 40.67209699917284),-73.83591899965162,40.672096999172844,53,4113,111168.400005,172024816.056
124,5,Morris Park,POINT (-73.86049500117254 40.85436399966426),-73.86049500117254,40.85436399966426,3,3704,47970.2030233,106216908.278
125,5,Pelham Pkwy,POINT (-73.85535900043564 40.85898499982012),-73.85535900043564,40.858984999820116,3,3704,47970.2030233,106216908.278
126,A-C,Nostrand Ave,POINT (-73.95042600099683 40.68043800006226),-73.95042600099683,40.68043800006226,28,4006,42559.3069581,61860727.1531
127,2-3-4-5,Nevins St,POINT (-73.98040679874578 40.68831058019022),-73.98040679874578,40.68831058019022,26,4004,73010.0956282,86682052.0213
128,2-3-4,Eastern Pkwy - Bklyn Museum,POINT (-73.96422203748425 40.67203223545925),-73.96422203748425,40.67203223545925,27,4005,95462.4834828,114514600.094
129,2-5,Beverly Rd,POINT (-73.94884798381702 40.64512351894373),-73.94884798381702,40.64512351894373,32,4010,49993.7073847,85916208.8562
130,2-5,Church Ave,POINT (-73.94945514035334 40.6508606878022),-73.94945514035334,40.6508606878022,32,4010,49993.7073847,85916208.8562
131,2-5,Newkirk Ave,POINT (-73.94829990822407 40.63999124275311),-73.94829990822407,40.63999124275311,32,4010,49993.7073847,85916208.8562
132,2-5,Brooklyn College - Flatbush Ave,POINT (-73.94754120734406 40.63284240700742),-73.94754120734406,40.63284240700742,37,4015,50007.9713088,81045770.1741
133,2-5,Sterling St,POINT (-73.95072891124937 40.6627729934283),-73.95072891124937,40.6627729934283,33,4011,34953.4245338,47617950.8156
134,3-4,Crown Hts - Utica Ave,POINT (-73.93293256081851 40.66897831107809),-73.93293256081851,40.66897831107809,28,4006,42559.3069581,61860727.1531
135,3-4,Kingston Ave,POINT (-73.94215978392963 40.66948144864978),-73.94215978392963,40.66948144864978,28,4006,42559.3069581,61860727.1531
136,G,Nassau Ave,POINT (-73.95118300016523 40.72447999780827),-73.95118300016523,40.724479997808274,23,4001,73897.4959714,114906677.762
137,G,Greenpoint Ave,POINT (-73.95442500146235 40.73126699971465),-73.95442500146235,40.73126699971465,23,4001,73897.4959714,114906677.762
138,J-M-Z,Marcy Ave,POINT (-73.95783200075729 40.70838300001792),-73.95783200075729,40.708383000017925,23,4001,73897.4959714,114906677.762
139,J-M,Hewes St,POINT (-73.95348800038457 40.706889998054),-73.95348800038457,40.706889998054,23,4001,73897.4959714,114906677.762
140,4-5,138th St - Grand Concourse,POINT (-73.92984899935611 40.81322399958908),-73.92984899935611,40.81322399958908,9,3710,90067.9543636,137760289.541
141,E-M,5th Ave - 53rd St,POINT (-73.9752485052734 40.76008683231326),-73.9752485052734,40.76008683231326,16,3807,71863.8360436,85622064.5857
142,E-M,Lexington Ave - 53rd St,POINT (-73.96907237490204 40.75746830782865),-73.96907237490204,40.75746830782865,17,3808,43083.5505189,44952037.8009
143,N-Q-R-W,28th St,POINT (-73.98869800128737 40.74545399979951),-73.98869800128737,40.74545399979951,16,3807,71863.8360436,85622064.5857
144,N-Q-R-W,Herald Sq - 34th St,POINT (-73.9879368338264 40.74964456009442),-73.9879368338264,40.74964456009442,16,3807,71863.8360436,85622064.5857
145,L,1st Ave,POINT (-73.98168087489128 40.73097497580066),-73.98168087489128,40.73097497580066,18,3809,36351.6176183,48695493.6207
146,S,Times Sq - 42nd St,POINT (-73.98622899953202 40.75598300057008),-73.98622899953202,40.755983000570076,16,3807,71863.8360436,85622064.5857
147,G,Metropolitan Ave,POINT (-73.9514239994525 40.71277400073426),-73.9514239994525,40.71277400073426,23,4001,73897.4959714,114906677.762
148,L,Grand St,POINT (-73.94049699874644 40.71157600064823),-73.94049699874644,40.71157600064823,23,4001,73897.4959714,114906677.762
149,L,Graham Ave,POINT (-73.94394399869037 40.71457599836364),-73.94394399869037,40.714575998363635,23,4001,73897.4959714,114906677.762
150,L,Bedford Ave,POINT (-73.95666499806525 40.71717399858899),-73.95666499806525,40.71717399858899,23,4001,73897.4959714,114906677.762
151,L,Montrose Ave,POINT (-73.93979284713505 40.70739106438455),-73.93979284713505,40.70739106438455,24,4002,44917.4130232,70686985.4608
152,G,Long Island City - Court Sq,POINT (-73.94381559597835 40.74630503357145),-73.94381559597835,40.74630503357145,49,4109,95211.0194607,167050353.269
153,G,21st St,POINT (-73.94959999975519 40.7441286664954),-73.9495999997552,40.7441286664954,49,4109,95211.0194607,167050353.269
154,N-W,39th Ave,POINT (-73.93285137679598 40.75276306140845),-73.93285137679598,40.75276306140845,41,4101,76015.2039665,143819416.07
155,1,145th St,POINT (-73.95035999879713 40.82655099962194),-73.95035999879713,40.82655099962194,11,3802,37927.824564,46903009.3879
156,1,157th St,POINT (-73.94488999901047 40.8340410001399),-73.94488999901047,40.8340410001399,10,3801,62589.0551493,81247268.6263
157,1-2-3,96th St,POINT (-73.97232299915696 40.79391900121471),-73.97232299915696,40.79391900121471,15,3806,47538.4259936,88497862.2383
158,1,103rd St,POINT (-73.96837899960818 40.79944600033483),-73.96837899960818,40.799446000334825,15,3806,47538.4259936,88497862.2383
159,2-3,Central Park North (110th St),POINT (-73.95182200176913 40.79907499977324),-73.95182200176913,40.79907499977324,12,3803,38111.6886704,39843953.7438
160,A-B-C,103rd St,POINT (-73.96137008267617 40.79606073990453),-73.96137008267617,40.796060739904526,15,3806,47538.4259936,88497862.2383
161,1-2-3,72nd St,POINT (-73.98197000159583 40.77845300068614),-73.98197000159583,40.77845300068614,15,3806,47538.4259936,88497862.2383
162,A-B-C,81st St,POINT (-73.97209794937208 40.78134608418206),-73.97209794937208,40.78134608418206,15,3806,47538.4259936,88497862.2383
163,E-F,75th Ave,POINT (-73.83692369387158 40.71804465348743),-73.83692369387158,40.71804465348743,48,4108,37999.6381715,77765102.8446
164,A-B-C,86th St,POINT (-73.96882849429672 40.78582304678557),-73.96882849429672,40.78582304678557,15,3806,47538.4259936,88497862.2383
165,1,Cathedral Pkwy (110th St),POINT (-73.9668470005456 40.80396699961484),-73.9668470005456,40.80396699961484,11,3802,37927.824564,46903009.3879
166,1,116th St - Columbia University,POINT (-73.96410999757751 40.80772200123086),-73.96410999757751,40.807722001230864,11,3802,37927.824564,46903009.3879
167,2-3,125th St,POINT (-73.94549500011411 40.80775399918281),-73.94549500011411,40.807753999182815,12,3803,38111.6886704,39843953.7438
168,2-3,135th St,POINT (-73.94077000106708 40.8142290003391),-73.94077000106708,40.8142290003391,12,3803,38111.6886704,39843953.7438
169,2-3,116th St,POINT (-73.94962500096905 40.802097999133),-73.94962500096905,40.802097999133004,12,3803,38111.6886704,39843953.7438
170,B-D,Tremont Ave,POINT (-73.90522700122354 40.85040999951023),-73.90522700122354,40.850409999510234,6,3707,37374.595308,42281071.5105
171,1,137th St - City College,POINT (-73.95367600087873 40.82200799968475),-73.95367600087873,40.82200799968475,11,3802,37927.824564,46903009.3879
172,3,145th St,POINT (-73.93624499873299 40.82042099969279),-73.93624499873299,40.82042099969279,12,3803,38111.6886704,39843953.7438
173,4,176th St,POINT (-73.91179399884471 40.8484800012369),-73.91179399884471,40.8484800012369,6,3707,37374.595308,42281071.5105
174,4,Burnside Ave,POINT (-73.9076840015997 40.85345300155693),-73.9076840015997,40.85345300155693,6,3707,37374.595308,42281071.5105
175,B-D,170th St,POINT (-73.91339999846983 40.83930599964156),-73.91339999846983,40.83930599964156,7,3708,35002.7055809,55881067.7537
176,1,168th St,POINT (-73.94013299907257 40.84055599914853),-73.94013299907257,40.840555999148535,10,3801,62589.0551493,81247268.6263
177,1,181st St,POINT (-73.9335959996056 40.84950499974065),-73.9335959996056,40.84950499974065,10,3801,62589.0551493,81247268.6263
178,1,191st St,POINT (-73.92941199742039 40.85522500175836),-73.92941199742039,40.85522500175836,10,3801,62589.0551493,81247268.6263
179,A,175th St,POINT (-73.93970399761596 40.84739100072403),-73.93970399761596,40.84739100072403,10,3801,62589.0551493,81247268.6263
180,A,Beach 44th St,POINT (-73.77601299999507 40.59294299908617),-73.77601299999507,40.59294299908617,54,4114,402487.073726,310522670.444
181,A,Beach 60th St,POINT (-73.7885219980118 40.59237400121235),-73.7885219980118,40.59237400121235,54,4114,402487.073726,310522670.444
182,A-S,Beach 98th St,POINT (-73.82052058959523 40.58538569133279),-73.82052058959523,40.58538569133279,54,4114,402487.073726,310522670.444
183,A-S,Rockaway Park - Beach 116 St,POINT (-73.83559008701239 40.58095586557351),-73.83559008701239,40.580955865573515,54,4114,402487.073726,310522670.444
184,A,Beach 36th St,POINT (-73.76817499939688 40.59539800166876),-73.76817499939688,40.59539800166876,54,4114,402487.073726,310522670.444
185,A,Beach 25th St,POINT (-73.76135299762073 40.60006600105881),-73.76135299762073,40.60006600105881,54,4114,402487.073726,310522670.444
186,F,Parsons Blvd,POINT (-73.80328900021885 40.70757199961569),-73.80328900021885,40.707571999615695,46,4106,79842.9340986,207308619.71
187,F,169th St,POINT (-73.79347419927721 40.710517502784),-73.79347419927721,40.710517502784,52,4112,72793.6040684,260049220.98
188,7,103rd St - Corona Plaza,POINT (-73.86269999830412 40.74986500055554),-73.86269999830412,40.749865000555545,42,4102,64416.9369837,117155733.277
189,7,111th St,POINT (-73.85533399834884 40.75172999941711),-73.85533399834884,40.75172999941711,42,4102,64416.9369837,117155733.277
190,E-M-R,63rd Dr - Rego Park,POINT (-73.86161820097203 40.72976397242243),-73.86161820097203,40.729763972422425,48,4108,37999.6381715,77765102.8446
191,A-S,Grant Ave,POINT (-73.86504999877702 40.67704400054478),-73.86504999877702,40.67704400054478,30,4008,97558.4670821,164339106.08
192,1-2,79th St,POINT (-73.97991700056134 40.78393399959032),-73.97991700056134,40.78393399959032,15,3806,47538.4259936,88497862.2383
193,L,Atlantic Ave,POINT (-73.9030969995401 40.67534466640805),-73.9030969995401,40.67534466640805,29,4007,44860.7781372,72205366.5338
194,1-2,Christopher St - Sheridan Sq,POINT (-74.00290599855235 40.73342200104225),-74.00290599855235,40.73342200104225,19,3810,122526.958548,81024704.0028
195,A-S,Ozone Park - Lefferts Blvd,POINT (-73.82579799906613 40.68595099878361),-73.82579799906613,40.68595099878361,53,4113,111168.400005,172024816.056
196,7-7 Express,Times Sq - 42nd St,POINT (-73.98769099825152 40.75547700198251),-73.98769099825152,40.755477001982506,16,3807,71863.8360436,85622064.5857
197,F-Q,W 8th St - NY Aquarium,POINT (-73.97595787413822 40.57603381810365),-73.97595787413822,40.576033818103646,40,4018,76220.7229706,96030474.3336
198,1-2,28th St,POINT (-73.99336500134324 40.74721499918219),-73.99336500134324,40.74721499918219,16,3807,71863.8360436,85622064.5857
199,4-6-6 Express,28th St,POINT (-73.98426400110407 40.74306999925903),-73.98426400110407,40.743069999259035,16,3807,71863.8360436,85622064.5857
200,6-6 Express,Pelham Bay Park,POINT (-73.82812100059289 40.85246199951662),-73.82812100059289,40.85246199951662,2,3703,305269.138803,267643637.839
201,6-6 Express,Westchester Sq - E Tremont Ave,POINT (-73.84295199925012 40.83989200101392),-73.84295199925012,40.839892001013915,3,3704,47970.2030233,106216908.278
202,1-2,18th St,POINT (-73.99787100060406 40.7410399998021),-73.99787100060406,40.741039999802105,16,3807,71863.8360436,85622064.5857
203,7-7 Express,Grand Central - 42nd St,POINT (-73.97604100111508 40.75143100028686),-73.97604100111508,40.751431000286864,17,3808,43083.5505189,44952037.8009
204,A,Beach 67th St,POINT (-73.79692399984209 40.59092700078133),-73.7969239998421,40.59092700078133,54,4114,402487.073726,310522670.444
205,A-C-E,W 4th St - Washington Sq (Upper),POINT (-74.00049500225435 40.73233799774325),-74.00049500225435,40.73233799774325,19,3810,122526.958548,81024704.0028
206,J,85th St - Forest Pky,POINT (-73.86008700006875 40.69242699966103),-73.86008700006875,40.69242699966103,51,4111,56320.396492,132524480.546
207,J-Z,Woodhaven Blvd,POINT (-73.85205199740794 40.69370399880105),-73.85205199740794,40.69370399880105,51,4111,56320.396492,132524480.546
208,J,111th St,POINT (-73.83679338454697 40.69711481069648),-73.83679338454697,40.697114810696476,51,4111,56320.396492,132524480.546
209,J-Z,121st St,POINT (-73.82834900017954 40.70048199851531),-73.82834900017954,40.700481998515315,51,4111,56320.396492,132524480.546
210,L,Halsey St,POINT (-73.90393400118631 40.69551800114878),-73.90393400118631,40.69551800114878,50,4110,71251.3267965,205047603.928
211,L,Myrtle - Wyckoff Aves,POINT (-73.91097571826469 40.69947106242714),-73.9109757182647,40.699471062427136,24,4002,44917.4130232,70686985.4608
212,3-4,New Lots Ave,POINT (-73.88411070800329 40.6663149325969),-73.88411070800329,40.6663149325969,30,4008,97558.4670821,164339106.08
213,A-C,Van Siclen Ave,POINT (-73.8903580002471 40.67270999906104),-73.8903580002471,40.67270999906104,30,4008,97558.4670821,164339106.08
214,J,Cleveland St,POINT (-73.8851940021643 40.67977799896116),-73.8851940021643,40.679777998961164,30,4008,97558.4670821,164339106.08
215,L,Livonia Ave,POINT (-73.90056237226057 40.66405727094644),-73.90056237226057,40.66405727094644,29,4007,44860.7781372,72205366.5338
216,3-4,Junius St,POINT (-73.90244864183562 40.66358900181724),-73.90244864183562,40.66358900181724,29,4007,44860.7781372,72205366.5338
217,3-4,Rockaway Ave,POINT (-73.90895833584449 40.66261748815223),-73.90895833584449,40.66261748815223,29,4007,44860.7781372,72205366.5338
218,L,Canarsie - Rockaway Pkwy,POINT (-73.90185000017287 40.64665366739528),-73.90185000017287,40.64665366739528,31,4009,368930.937178,343640810.866
219,L,E 105th St,POINT (-73.89954769388724 40.65046878544699),-73.89954769388724,40.65046878544699,30,4008,97558.4670821,164339106.08
220,3-4,Saratoga Ave,POINT (-73.91633025007947 40.6615297898075),-73.91633025007947,40.6615297898075,29,4007,44860.7781372,72205366.5338
221,3-4,Sutter Ave - Rutland Road,POINT (-73.92252118536001 40.66476678877493),-73.92252118536001,40.66476678877493,29,4007,44860.7781372,72205366.5338
222,L,New Lots Ave,POINT (-73.89927796057142 40.65891477368527),-73.89927796057142,40.65891477368527,29,4007,44860.7781372,72205366.5338
223,J-Z,Broadway Junction,POINT (-73.90428999746412 40.67936600147369),-73.90428999746412,40.67936600147369,24,4002,44917.4130232,70686985.4608
224,J,Alabama Ave,POINT (-73.89852600159652 40.67699800000376),-73.89852600159652,40.676998000003756,30,4008,97558.4670821,164339106.08
225,A-C,Shepherd Ave,POINT (-73.88074999747269 40.6741300014559),-73.88074999747269,40.6741300014559,30,4008,97558.4670821,164339106.08
226,J-Z,Crescent St,POINT (-73.87392925215778 40.68315265707736),-73.87392925215778,40.68315265707736,30,4008,97558.4670821,164339106.08
227,J,Cypress Hills,POINT (-73.87332199882995 40.68961600083875),-73.87332199882995,40.689616000838754,30,4008,97558.4670821,164339106.08
228,J-Z,75th St - Eldert Ln,POINT (-73.86728799944963 40.69129000124673),-73.86728799944963,40.691290001246735,51,4111,56320.396492,132524480.546
229,7,69th St,POINT (-73.8964029993185 40.74632499941028),-73.8964029993185,40.746324999410284,49,4109,95211.0194607,167050353.269
230,7,74th St - Broadway,POINT (-73.8912051289911 40.74686757382911),-73.8912051289911,40.746867573829114,47,4107,100417.206182,107515663.696
231,E-M-R,Woodhaven Blvd - Queens Mall,POINT (-73.86943208612348 40.73309737380972),-73.86943208612348,40.73309737380972,47,4107,100417.206182,107515663.696
232,M,Myrtle - Wyckoff Aves,POINT (-73.91217899939602 40.69945400090837),-73.91217899939602,40.69945400090837,24,4002,44917.4130232,70686985.4608
233,M,Seneca Ave,POINT (-73.90758199885423 40.70291899894902),-73.90758199885423,40.70291899894902,50,4110,71251.3267965,205047603.928
234,L,DeKalb Ave,POINT (-73.91823200219723 40.70369299961644),-73.91823200219723,40.70369299961644,24,4002,44917.4130232,70686985.4608
235,7,52nd St,POINT (-73.91254899891254 40.74414900102158),-73.91254899891254,40.744149001021576,49,4109,95211.0194607,167050353.269
236,E-M-R,46th St,POINT (-73.91352174995538 40.7563169526081),-73.91352174995538,40.756316952608096,41,4101,76015.2039665,143819416.07
237,E-M-R,Northern Blvd,POINT (-73.90606508052358 40.75282482923608),-73.90606508052358,40.752824829236076,49,4109,95211.0194607,167050353.269
238,7,46th St,POINT (-73.91843500103973 40.74313200060382),-73.91843500103973,40.74313200060382,49,4109,95211.0194607,167050353.269
239,7,82nd St - Jackson Hts,POINT (-73.88369700071884 40.74765899955914),-73.88369700071884,40.747658999559135,42,4102,64416.9369837,117155733.277
240,7,90th St - Elmhurst Av,POINT (-73.87661299986985 40.74840800060913),-73.87661299986985,40.74840800060913,42,4102,64416.9369837,117155733.277
241,A,Howard Beach - JFK Airport,POINT (-73.83030100071032 40.66047600004959),-73.83030100071032,40.66047600004959,45,4105,206027.45579,550135981.616
242,A,Aqueduct - North Conduit Av,POINT (-73.83405799948723 40.66823400169982),-73.83405799948723,40.668234001699815,53,4113,111168.400005,172024816.056
243,E-F,Briarwood - Van Wyck Blvd,POINT (-73.82069263637443 40.70916181536946),-73.82069263637443,40.70916181536946,51,4111,56320.396492,132524480.546
244,E-F-M-R,Forest Hills - 71st Av,POINT (-73.84451672012669 40.72159430953587),-73.84451672012669,40.72159430953587,48,4108,37999.6381715,77765102.8446
245,F,Sutphin Blvd,POINT (-73.81083299897232 40.70541799906764),-73.81083299897232,40.70541799906764,52,4112,72793.6040684,260049220.98
246,E-J-Z,Jamaica Ctr - Parsons / Archer,POINT (-73.80109632298924 40.70206737621188),-73.80109632298924,40.70206737621188,52,4112,72793.6040684,260049220.98
247,2-5,225th St,POINT (-73.86021461772737 40.88802825863786),-73.86021461772737,40.88802825863786,1,3702,106167.592328,188993662.687
248,6,Elder Ave,POINT (-73.87915899874777 40.82858400108929),-73.87915899874777,40.82858400108929,8,3709,73288.7773801,124117768.897
249,6,Longwood Ave,POINT (-73.89643499897414 40.81610399997241),-73.89643499897414,40.816103999972405,9,3710,90067.9543636,137760289.541
250,N-W,Astoria Blvd,POINT (-73.91809500109238 40.77003699949086),-73.91809500109238,40.77003699949086,41,4101,76015.2039665,143819416.07
251,N-W,Astoria - Ditmars Blvd,POINT (-73.91203400010311 40.77503566652366),-73.9120340001031,40.775035666523664,41,4101,76015.2039665,143819416.07
252,2-5,Jackson Ave,POINT (-73.9077019387083 40.81643746686396),-73.9077019387083,40.81643746686396,9,3710,90067.9543636,137760289.541
253,2-5,Prospect Ave,POINT (-73.90177778730917 40.81948726483844),-73.90177778730917,40.81948726483844,9,3710,90067.9543636,137760289.541
254,6,Cypress Ave,POINT (-73.91404199994753 40.8053680007636),-73.91404199994753,40.8053680007636,9,3710,90067.9543636,137760289.541
255,2-5,174th St,POINT (-73.88769359812888 40.83719555017061),-73.88769359812888,40.837195550170605,4,3705,68697.5999192,122483690.262
256,2-5,Allerton Ave,POINT (-73.86723422851625 40.86548337793927),-73.86723422851625,40.86548337793927,3,3704,47970.2030233,106216908.278
257,6,E 143rd St - St Mary's St,POINT (-73.90765699936489 40.80871900090143),-73.90765699936489,40.80871900090143,9,3710,90067.9543636,137760289.541
258,4,Kingsbridge Rd,POINT (-73.89717400101743 40.8677600008858),-73.89717400101743,40.867760000885795,0,3701,53227.1136077,97928516.6801
259,4,Bedford Park Blvd - Lehman College,POINT (-73.89006400069478 40.87341199980121),-73.89006400069478,40.87341199980121,0,3701,53227.1136077,97928516.6801
260,3,Harlem - 148 St,POINT (-73.93647000005559 40.82388000080457),-73.93647000005559,40.82388000080457,12,3803,38111.6886704,39843953.7438
261,4,Mt Eden Ave,POINT (-73.91468499860341 40.84443400092679),-73.9146849986034,40.84443400092679,6,3707,37374.595308,42281071.5105
262,B-D,Fordham Rd,POINT (-73.89774900102401 40.8612959986835),-73.89774900102401,40.861295998683495,5,3706,51826.0737093,43886930.6821
263,4,170th St,POINT (-73.91779099745928 40.84007499993004),-73.91779099745928,40.84007499993004,7,3708,35002.7055809,55881067.7537
264,B-D,Bedford Park Blvd,POINT (-73.88713799889574 40.87324399861646),-73.88713799889574,40.87324399861646,5,3706,51826.0737093,43886930.6821
265,1,Marble Hill - 225th St,POINT (-73.90983099923551 40.87456099941789),-73.90983099923551,40.87456099941789,10,3801,62589.0551493,81247268.6263
266,1,231st St,POINT (-73.90483400107873 40.87885599817935),-73.90483400107873,40.87885599817935,0,3701,53227.1136077,97928516.6801
267,1,215th St,POINT (-73.91527899954356 40.86944399946045),-73.91527899954356,40.86944399946045,10,3801,62589.0551493,81247268.6263
268,1,207th St,POINT (-73.91881900132312 40.86461400052585),-73.91881900132312,40.864614000525854,10,3801,62589.0551493,81247268.6263
269,A,Inwood - 207th St,POINT (-73.91989900100465 40.86807199999737),-73.91989900100465,40.86807199999737,10,3801,62589.0551493,81247268.6263
270,1,Van Cortlandt Park - 242nd St,POINT (-73.89858300049647 40.88924800011476),-73.89858300049647,40.88924800011476,0,3701,53227.1136077,97928516.6801
271,2-5,West Farms Sq - E Tremont Av,POINT (-73.87996127877184 40.84020763241799),-73.87996127877184,40.84020763241799,4,3705,68697.5999192,122483690.262
272,2-5,219th St,POINT (-73.8625097078866 40.88388797462527),-73.8625097078866,40.883887974625274,1,3702,106167.592328,188993662.687
273,4,Mosholu Pkwy,POINT (-73.88465499988732 40.87974999947229),-73.88465499988732,40.87974999947229,5,3706,51826.0737093,43886930.6821
274,D,Norwood - 205th St,POINT (-73.87885499918691 40.87481100011182),-73.87885499918691,40.87481100011182,5,3706,51826.0737093,43886930.6821
275,2-5,Burke Ave,POINT (-73.86705361747603 40.87125880254771),-73.86705361747603,40.87125880254771,3,3704,47970.2030233,106216908.278
276,5,Baychester Ave,POINT (-73.83859099802153 40.87866300037311),-73.83859099802153,40.87866300037311,2,3703,305269.138803,267643637.839
277,5,Eastchester - Dyre Ave,POINT (-73.8308340021742 40.88829999901007),-73.8308340021742,40.88829999901007,1,3702,106167.592328,188993662.687
278,F,Jamaica - 179th St,POINT (-73.78381700176453 40.71264566674405),-73.78381700176453,40.712645666744045,52,4112,72793.6040684,260049220.98
279,2,Wakefield - 241st St,POINT (-73.85061999879539 40.90312500054124),-73.8506199987954,40.903125000541245,1,3702,106167.592328,188993662.687
280,S,Botanic Garden,POINT (-73.95924499945693 40.6703426665844),-73.95924499945693,40.670342666584396,33,4011,34953.4245338,47617950.8156
281,L,Bushwick - Aberdeen,POINT (-73.90526176305106 40.68286062551184),-73.90526176305106,40.68286062551184,24,4002,44917.4130232,70686985.4608
282,L,Broadway Junction,POINT (-73.90311757920684 40.67845624842869),-73.90311757920684,40.67845624842869,29,4007,44860.7781372,72205366.5338
283,5,Gun Hill Rd,POINT (-73.84638400151765 40.86952599962676),-73.84638400151765,40.86952599962676,3,3704,47970.2030233,106216908.278
284,2-5,E 180th St,POINT (-73.87334609510884 40.8418630412186),-73.87334609510884,40.8418630412186,4,3705,68697.5999192,122483690.262
285,1,Dyckman St,POINT (-73.92553600006474 40.86053100138796),-73.92553600006474,40.86053100138796,10,3801,62589.0551493,81247268.6263
286,1,125th St,POINT (-73.95837200097044 40.81558099997893),-73.95837200097044,40.815580999978934,11,3802,37927.824564,46903009.3879
287,S,Franklin Ave - Fulton St,POINT (-73.95582700110425 40.68059566598263),-73.95582700110425,40.68059566598263,26,4004,73010.0956282,86682052.0213
288,2-5,149th St - Grand Concourse,POINT (-73.92672247438611 40.81833014409742),-73.92672247438611,40.81833014409742,9,3710,90067.9543636,137760289.541
289,2-5,3rd Ave - 149th St,POINT (-73.91779152760981 40.81602925251001),-73.91779152760981,40.816029252510006,9,3710,90067.9543636,137760289.541
290,4,167th St,POINT (-73.92139999784426 40.83553699933672),-73.92139999784426,40.83553699933672,7,3708,35002.7055809,55881067.7537
291,6,Brook Ave,POINT (-73.91923999909432 40.80756599987699),-73.91923999909432,40.80756599987699,9,3710,90067.9543636,137760289.541
292,7,33rd St,POINT (-73.93099699953838 40.74458699983993),-73.93099699953838,40.74458699983993,49,4109,95211.0194607,167050353.269
293,7,40th St,POINT (-73.9240159984882 40.74378100149132),-73.9240159984882,40.74378100149132,49,4109,95211.0194607,167050353.269
294,A-B-C-D,145th St,POINT (-73.94408792823116 40.82476636087191),-73.94408792823116,40.824766360871905,11,3802,37927.824564,46903009.3879
295,B-D,155th St,POINT (-73.93820899811622 40.8301349999812),-73.93820899811622,40.8301349999812,12,3803,38111.6886704,39843953.7438
296,B-D,161st St - Yankee Stadium,POINT (-73.92565099775477 40.82790499884585),-73.92565099775477,40.827904998845845,7,3708,35002.7055809,55881067.7537
297,A-C,Utica Ave,POINT (-73.93072899914027 40.67936399950546),-73.93072899914027,40.67936399950546,28,4006,42559.3069581,61860727.1531
298,E-M-R,Steinway St,POINT (-73.92052647168271 40.75698735912575),-73.9205264716827,40.75698735912575,41,4101,76015.2039665,143819416.07
299,J,Kosciuszko St,POINT (-73.92850899927413 40.69317200129202),-73.92850899927413,40.69317200129202,24,4002,44917.4130232,70686985.4608
300,J-Z,Gates Ave,POINT (-73.92215600150752 40.68958399901391),-73.92215600150752,40.689583999013905,24,4002,44917.4130232,70686985.4608
301,M,Central Ave,POINT (-73.92724299902838 40.69787300011831),-73.92724299902838,40.69787300011831,24,4002,44917.4130232,70686985.4608
302,M,Knickerbocker Ave,POINT (-73.91972000188625 40.69866000123805),-73.91972000188625,40.69866000123805,24,4002,44917.4130232,70686985.4608
303,N-W,30th Ave,POINT (-73.9214790001739 40.76677866673298),-73.9214790001739,40.76677866673298,41,4101,76015.2039665,143819416.07
304,L,Jefferson St,POINT (-73.9229130000312 40.70660666598872),-73.9229130000312,40.706606665988716,24,4002,44917.4130232,70686985.4608
305,L,Morgan Ave,POINT (-73.93314700024209 40.70615166680729),-73.93314700024209,40.70615166680729,24,4002,44917.4130232,70686985.4608
306,E-M-R,Queens Plz,POINT (-73.93713823965695 40.74891771986323),-73.93713823965695,40.74891771986323,49,4109,95211.0194607,167050353.269
307,F,18th Ave,POINT (-73.97697099965796 40.62975466638584),-73.97697099965796,40.62975466638584,37,4015,50007.9713088,81045770.1741
308,R,77th St,POINT (-74.02550999962661 40.62974166688691),-74.0255099996266,40.629741666886915,35,4013,48170.458,107113832.637
309,R,Bay Ridge Ave,POINT (-74.02337699950728 40.63496666682377),-74.02337699950728,40.63496666682377,35,4013,48170.458,107113832.637
310,D,50th St,POINT (-73.9946587805514 40.6362608909614),-73.9946587805514,40.636260890961395,36,4014,51089.0682127,87680448.1856
311,N,Ft Hamilton Pkwy,POINT (-74.00535100046275 40.63138566722445),-74.00535100046275,40.63138566722445,36,4014,51089.0682127,87680448.1856
312,D,25th Ave,POINT (-73.98682900011477 40.59770366695856),-73.98682900011477,40.59770366695856,39,4017,48986.1529273,103016112.076
313,D,Bay Pky,POINT (-73.9936762000529 40.60195046157232),-73.9936762000529,40.601950461572315,39,4017,48986.1529273,103016112.076
314,N,20th Ave,POINT (-73.98452199846113 40.61710899986601),-73.98452199846113,40.617108999866005,39,4017,48986.1529273,103016112.076
315,N,18th Ave,POINT (-73.99045399865993 40.62068699768002),-73.99045399865993,40.620686997680025,39,4017,48986.1529273,103016112.076
316,R,Bay Ridge - 95th St,POINT (-74.03087600085765 40.61662166725951),-74.03087600085765,40.61662166725951,35,4013,48170.458,107113832.637
317,R,86th St,POINT (-74.0283979999864 40.62268666715025),-74.0283979999864,40.62268666715025,35,4013,48170.458,107113832.637
318,D,79th St,POINT (-74.00058287431507 40.61315892569516),-74.00058287431507,40.61315892569516,39,4017,48986.1529273,103016112.076
319,D,71st St,POINT (-73.99884094850685 40.61925870977273),-73.99884094850685,40.61925870977273,39,4017,48986.1529273,103016112.076
320,D,20th Ave,POINT (-73.99817432157568 40.60467699816932),-73.99817432157568,40.60467699816932,39,4017,48986.1529273,103016112.076
321,D,18th Ave,POINT (-74.00159259239406 40.60773573171741),-74.00159259239406,40.60773573171741,39,4017,48986.1529273,103016112.076
322,D,62nd St,POINT (-73.99685724994863 40.6262244629222),-73.99685724994863,40.626224462922195,39,4017,48986.1529273,103016112.076
323,N,New Utrecht Ave,POINT (-73.99635300025969 40.62484166725887),-73.99635300025969,40.62484166725887,39,4017,48986.1529273,103016112.076
324,F,Ave U,POINT (-73.97337641974885 40.59592482551748),-73.97337641974885,40.59592482551748,40,4018,76220.7229706,96030474.3336
325,F,Kings Hwy,POINT (-73.9723553085244 40.60325840512827),-73.9723553085244,40.603258405128265,38,4016,109480.188237,120716882.065
326,B-Q,Brighton Beach,POINT (-73.96135378598797 40.57771019664244),-73.96135378598797,40.577710196642435,40,4018,76220.7229706,96030474.3336
327,B-Q,Sheepshead Bay,POINT (-73.95405791257907 40.58654754707536),-73.95405791257907,40.58654754707536,38,4016,109480.188237,120716882.065
328,Q,Ave U,POINT (-73.95581122316301 40.59930895095475),-73.95581122316301,40.59930895095475,38,4016,109480.188237,120716882.065
329,B-Q,Kings Hwy,POINT (-73.95760873538083 40.60863864539601),-73.95760873538083,40.608638645396006,38,4016,109480.188237,120716882.065
330,N,Ave U,POINT (-73.97908400099428 40.59723599992044),-73.97908400099428,40.597235999920436,39,4017,48986.1529273,103016112.076
331,N,Kings Hwy,POINT (-73.98037300229343 40.60405899980493),-73.98037300229343,40.60405899980493,39,4017,48986.1529273,103016112.076
332,F,Neptune Ave,POINT (-73.97459272818807 40.58073875849146),-73.97459272818807,40.580738758491464,40,4018,76220.7229706,96030474.3336
333,F,Ave X,POINT (-73.97426599968905 40.58944966662528),-73.97426599968905,40.589449666625285,40,4018,76220.7229706,96030474.3336
334,D,Bay 50th St,POINT (-73.98376500045946 40.58884066651933),-73.98376500045946,40.58884066651933,40,4018,76220.7229706,96030474.3336
335,N,Gravesend - 86th St,POINT (-73.97818899936274 40.59246500088859),-73.97818899936274,40.59246500088859,40,4018,76220.7229706,96030474.3336
336,F,Ave P,POINT (-73.97300281528751 40.60884280894992),-73.97300281528751,40.608842808949916,36,4014,51089.0682127,87680448.1856
337,F,Ave N,POINT (-73.97404850873143 40.61435671190883),-73.97404850873143,40.61435671190883,36,4014,51089.0682127,87680448.1856
338,F,Bay Pky,POINT (-73.97525697822149 40.62073162316788),-73.9752569782215,40.62073162316788,36,4014,51089.0682127,87680448.1856
339,Q,Ave M,POINT (-73.9592431052215 40.61739774444374),-73.9592431052215,40.617397744443736,37,4015,50007.9713088,81045770.1741
340,N,Bay Pky,POINT (-73.98178001069293 40.61145578989005),-73.98178001069293,40.61145578989005,39,4017,48986.1529273,103016112.076
341,F,Ave I,POINT (-73.97606933170925 40.62501744019143),-73.97606933170925,40.62501744019143,36,4014,51089.0682127,87680448.1856
342,Q,Ave J,POINT (-73.96069316246925 40.62502281991517),-73.96069316246925,40.625022819915166,37,4015,50007.9713088,81045770.1741
343,Q,Ave H,POINT (-73.96151793942495 40.62920837758969),-73.96151793942495,40.62920837758969,37,4015,50007.9713088,81045770.1741
344,Q,Neck Rd,POINT (-73.95507827493762 40.59532169111695),-73.95507827493762,40.59532169111695,38,4016,109480.188237,120716882.065
345,F,21st St - Queensbridge,POINT (-73.94193761457447 40.75373927087553),-73.94193761457447,40.75373927087553,41,4101,76015.2039665,143819416.07
346,A-C-E,50th St,POINT (-73.98598400026407 40.76245599925997),-73.98598400026407,40.76245599925997,16,3807,71863.8360436,85622064.5857
347,B-D-E,7th Ave,POINT (-73.98169782344476 40.76297015245628),-73.98169782344476,40.76297015245628,16,3807,71863.8360436,85622064.5857
348,B-D-F-M,47th-50th Sts - Rockefeller Ctr,POINT (-73.98133100227702 40.75864100159815),-73.98133100227702,40.75864100159815,16,3807,71863.8360436,85622064.5857
349,F,57th St,POINT (-73.97736800085171 40.76408500081713),-73.97736800085171,40.76408500081713,16,3807,71863.8360436,85622064.5857
350,F-Q,Lexington Ave - 63rd St,POINT (-73.96608964413245 40.76461809442373),-73.96608964413245,40.76461809442373,14,3805,54449.5033787,55222267.9563
351,F,Roosevelt Island - Main St,POINT (-73.95323499978866 40.75917199967108),-73.95323499978866,40.75917199967108,14,3805,54449.5033787,55222267.9563
352,A-B-C-D,59th St - Columbus Circle,POINT (-73.98164872301398 40.76824953177606),-73.98164872301398,40.768249531776064,15,3806,47538.4259936,88497862.2383
353,N-Q-R-W,49th St,POINT (-73.98420956591096 40.75980197387069),-73.98420956591096,40.759801973870694,16,3807,71863.8360436,85622064.5857
354,N-Q-R-W,57th St,POINT (-73.98072973372128 40.76456552501829),-73.98072973372128,40.76456552501829,16,3807,71863.8360436,85622064.5857
355,N-R-W,5th Ave - 59th St,POINT (-73.97334700047045 40.76481099975528),-73.97334700047045,40.764810999755284,15,3806,47538.4259936,88497862.2383
356,N-R-W,Lexington Ave - 59th St,POINT (-73.96737501711436 40.76270885539456),-73.96737501711436,40.762708855394564,14,3805,54449.5033787,55222267.9563
357,1-2-3,34th St - Penn Station,POINT (-73.99105699913983 40.75037300003949),-73.99105699913983,40.75037300003949,16,3807,71863.8360436,85622064.5857
358,1-2-3,Times Sq - 42nd St,POINT (-73.98749500051885 40.75528999995681),-73.98749500051885,40.75528999995681,16,3807,71863.8360436,85622064.5857
359,A-C,Fulton St,POINT (-74.00762309323994 40.71016216530185),-74.00762309323994,40.71016216530185,19,3810,122526.958548,81024704.0028
360,A-C,Chambers St,POINT (-74.00858473570133 40.71411100077403),-74.00858473570133,40.714111000774025,19,3810,122526.958548,81024704.0028
361,A-C-E,42nd St - Port Authority Bus Term,POINT (-73.98973500085859 40.7573079985515),-73.98973500085859,40.757307998551504,16,3807,71863.8360436,85622064.5857
362,G,Myrtle-Willoughby Aves,POINT (-73.94906699890156 40.69461899903765),-73.94906699890156,40.69461899903765,25,4003,44724.5004612,64036724.4504
363,G,Flushing Ave,POINT (-73.95023400102571 40.70037666622154),-73.9502340010257,40.70037666622154,25,4003,44724.5004612,64036724.4504
364,F-M,23rd St,POINT (-73.99276500471389 40.742954317826),-73.99276500471389,40.742954317826005,16,3807,71863.8360436,85622064.5857
365,B-D-F-M,Herald Sq - 34th St,POINT (-73.98777189072918 40.74978939990011),-73.98777189072918,40.74978939990011,16,3807,71863.8360436,85622064.5857
366,A-C-G,Hoyt - Schermerhorn Sts,POINT (-73.98503624034139 40.68840847580642),-73.98503624034139,40.68840847580642,26,4004,73010.0956282,86682052.0213
367,A-C-F,Jay St - MetroTech,POINT (-73.98721815267317 40.69247063684708),-73.98721815267317,40.692470636847084,26,4004,73010.0956282,86682052.0213
368,F,East Broadway,POINT (-73.99017700122197 40.71385500102041),-73.99017700122197,40.713855001020406,18,3809,36351.6176183,48695493.6207
369,F,Delancey St - Essex St,POINT (-73.98807806807719 40.71868074219453),-73.98807806807719,40.71868074219453,18,3809,36351.6176183,48695493.6207
370,F,Lower East Side - 2nd Ave,POINT (-73.98993800003434 40.72340166574911),-73.98993800003434,40.72340166574911,18,3809,36351.6176183,48695493.6207
371,J-M,Flushing Ave,POINT (-73.94137734838365 40.70040440298112),-73.94137734838365,40.70040440298112,24,4002,44917.4130232,70686985.4608
372,J-M-Z,Myrtle Ave,POINT (-73.9356230012996 40.6971950005145),-73.9356230012996,40.6971950005145,25,4003,44724.5004612,64036724.4504
373,F-G,4th Av - 9th St,POINT (-73.98977899938897 40.67027166728493),-73.98977899938897,40.67027166728493,27,4005,95462.4834828,114514600.094
374,F-G,Smith - 9th Sts,POINT (-73.99589172790934 40.67364106090412),-73.99589172790934,40.67364106090412,27,4005,95462.4834828,114514600.094
375,F-G,Bergen St,POINT (-73.99075649573565 40.68611054725977),-73.99075649573565,40.68611054725977,26,4004,73010.0956282,86682052.0213
376,N-R,Jay St - MetroTech,POINT (-73.98605667854612 40.69225539645323),-73.98605667854612,40.69225539645323,26,4004,73010.0956282,86682052.0213
377,N-R,Court St,POINT (-73.99181830901125 40.69419648077699),-73.99181830901125,40.694196480776995,26,4004,73010.0956282,86682052.0213
378,N-Q-R-W,Union Sq - 14th St,POINT (-73.99053886181645 40.73587226699812),-73.99053886181645,40.73587226699812,16,3807,71863.8360436,85622064.5857
379,N-Q-R-W,23rd St,POINT (-73.98934400102907 40.74130266729),-73.98934400102907,40.74130266729,16,3807,71863.8360436,85622064.5857
380,D-N-R,Prospect Ave,POINT (-73.99287200067424 40.66541366712979),-73.99287200067424,40.66541366712979,27,4005,95462.4834828,114514600.094
381,D-N-R,4th Av - 9th St,POINT (-73.98830199974512 40.67084666684276),-73.98830199974512,40.670846666842756,27,4005,95462.4834828,114514600.094
382,L,3rd Ave,POINT (-73.98575000112093 40.73269099971662),-73.98575000112093,40.73269099971662,17,3808,43083.5505189,44952037.8009
383,L,Union Sq - 14th St,POINT (-73.99066976901818 40.73476331217923),-73.99066976901818,40.73476331217923,19,3810,122526.958548,81024704.0028
384,A-C,Liberty Ave,POINT (-73.89654800103929 40.67454199987086),-73.89654800103929,40.67454199987086,30,4008,97558.4670821,164339106.08
385,A-C,Broadway Junction,POINT (-73.90531600055341 40.67833366608023),-73.90531600055341,40.67833366608023,29,4007,44860.7781372,72205366.5338
386,N-R,59th St,POINT (-74.01788099953987 40.6413616662838),-74.01788099953987,40.6413616662838,34,4012,96983.6271364,112208109.35
387,N-R,45th St,POINT (-74.01000600074939 40.64893866661281),-74.01000600074939,40.648938666612814,34,4012,96983.6271364,112208109.35
388,D-N-R,36th St,POINT (-74.00354899951809 40.65514366633887),-74.00354899951809,40.65514366633887,34,4012,96983.6271364,112208109.35
389,D,9th Ave,POINT (-73.99444874451204 40.64648407726636),-73.99444874451204,40.64648407726636,34,4012,96983.6271364,112208109.35
390,N-R,53rd St,POINT (-74.01403399986317 40.64506866735981),-74.01403399986317,40.64506866735981,34,4012,96983.6271364,112208109.35
391,D,Ft Hamilton Pkwy,POINT (-73.9942022375285 40.64091271144466),-73.9942022375285,40.640912711444656,34,4012,96983.6271364,112208109.35
392,D-N-R,25th St,POINT (-73.99809099974297 40.66039666692321),-73.99809099974297,40.66039666692321,34,4012,96983.6271364,112208109.35
393,F-G,Carroll St,POINT (-73.99494697998841 40.68027335170176),-73.99494697998841,40.68027335170176,27,4005,95462.4834828,114514600.094
394,A-C-E,Spring St,POINT (-74.00373899843763 40.72622700129312),-74.00373899843763,40.72622700129312,19,3810,122526.958548,81024704.0028
395,A,181st St,POINT (-73.93796900205011 40.85169499974462),-73.93796900205011,40.851694999744616,10,3801,62589.0551493,81247268.6263
396,A,190th St,POINT (-73.93417999964333 40.85902199892482),-73.93417999964333,40.85902199892482,10,3801,62589.0551493,81247268.6263
397,A-B-C,116th St,POINT (-73.95479778057312 40.80505813344211),-73.95479778057312,40.80505813344211,12,3803,38111.6886704,39843953.7438
398,A-B-C-D,125th St,POINT (-73.95224799734774 40.81107167299457),-73.95224799734774,40.811071672994565,12,3803,38111.6886704,39843953.7438
399,N-Q-R-W,Prince St,POINT (-73.99770200045987 40.72432866597571),-73.99770200045987,40.72432866597571,19,3810,122526.958548,81024704.0028
400,N-Q-R-W,8th St - NYU,POINT (-73.99250799849149 40.73046499853991),-73.99250799849149,40.73046499853991,19,3810,122526.958548,81024704.0028
401,2-3,Fulton St,POINT (-74.00657099970202 40.70941599925865),-74.00657099970202,40.70941599925865,19,3810,122526.958548,81024704.0028
402,2-3,Park Pl,POINT (-74.00881099997359 40.71305099907769),-74.00881099997359,40.713050999077694,19,3810,122526.958548,81024704.0028
403,1-2-3,Chambers St,POINT (-74.00926600170112 40.71547800011327),-74.00926600170112,40.71547800011327,19,3810,122526.958548,81024704.0028
404,2-3,Hoyt St,POINT (-73.98506379575646 40.69054418535472),-73.98506379575646,40.69054418535472,26,4004,73010.0956282,86682052.0213
405,2-3,Borough Hall,POINT (-73.98999799960687 40.69321899961108),-73.98999799960687,40.693218999611084,26,4004,73010.0956282,86682052.0213
406,4,183rd St,POINT (-73.90387900151532 40.85840700040842),-73.90387900151532,40.85840700040842,6,3707,37374.595308,42281071.5105
407,4,Fordham Rd,POINT (-73.90103399921699 40.86280299988937),-73.90103399921699,40.86280299988937,5,3706,51826.0737093,43886930.6821
408,E,World Trade Center,POINT (-74.00974461517701 40.71256392680817),-74.00974461517701,40.71256392680817,19,3810,122526.958548,81024704.0028
409,A-C-E,Canal St - Holland Tunnel,POINT (-74.0052290023424 40.72082400007119),-74.0052290023424,40.72082400007119,19,3810,122526.958548,81024704.0028
410,A-C,155th St,POINT (-73.94151400082208 40.83051799929251),-73.94151400082208,40.83051799929251,11,3802,37927.824564,46903009.3879
411,A-C,163rd St - Amsterdam Av,POINT (-73.93989200188344 40.83601299923096),-73.93989200188344,40.83601299923096,10,3801,62589.0551493,81247268.6263
412,J-Z,Fulton St,POINT (-74.00793800110387 40.71002266658424),-74.00793800110387,40.71002266658424,19,3810,122526.958548,81024704.0028
413,J-Z,Chambers St,POINT (-74.00340673031336 40.71323378962671),-74.00340673031336,40.71323378962671,18,3809,36351.6176183,48695493.6207
414,J-Z,Canal St,POINT (-73.99982638545937 40.71817387697391),-73.99982638545937,40.71817387697391,19,3810,122526.958548,81024704.0028
415,R-W,City Hall,POINT (-74.00698581780337 40.71327233111697),-74.00698581780337,40.71327233111697,19,3810,122526.958548,81024704.0028
416,R-W,Canal St,POINT (-74.0018260000577 40.71946500105898),-74.0018260000577,40.71946500105898,19,3810,122526.958548,81024704.0028
417,1,South Ferry,POINT (-74.01316895919258 40.70173050757447),-74.01316895919258,40.701730507574474,19,3810,122526.958548,81024704.0028
418,4-5,Bowling Green,POINT (-74.01400799803432 40.70491399928076),-74.01400799803432,40.70491399928076,19,3810,122526.958548,81024704.0028
419,4-5,Wall St,POINT (-74.01186199860112 40.70755700086603),-74.01186199860112,40.70755700086603,19,3810,122526.958548,81024704.0028
420,R-W,Whitehall St,POINT (-74.0130072374272 40.70314237359914),-74.0130072374272,40.703142373599135,19,3810,122526.958548,81024704.0028
421,R-W,Rector St,POINT (-74.01297456253795 40.70774475629447),-74.01297456253795,40.707744756294474,19,3810,122526.958548,81024704.0028
422,M,Fresh Pond Rd,POINT (-73.8958980017196 40.70622599823048),-73.8958980017196,40.70622599823048,50,4110,71251.3267965,205047603.928
423,M,Middle Village - Metropolitan Ave,POINT (-73.88957722978091 40.71143130505826),-73.88957722978091,40.711431305058255,50,4110,71251.3267965,205047603.928
424,1,Rector St,POINT (-74.01378300119742 40.70751299952178),-74.01378300119742,40.707512999521775,19,3810,122526.958548,81024704.0028
425,1,Cortlandt St,POINT (-74.01218800112292 40.7118350008202),-74.01218800112292,40.7118350008202,19,3810,122526.958548,81024704.0028
426,4-5,Fulton St,POINT (-74.00950899856461 40.71036799882214),-74.00950899856461,40.710367998822136,19,3810,122526.958548,81024704.0028
427,J-Z,Broad St,POINT (-74.01105599991755 40.706476001106),-74.01105599991755,40.706476001106005,19,3810,122526.958548,81024704.0028
428,R-W,Cortlandt St,POINT (-74.01113196473266 40.7105129841524),-74.01113196473266,40.7105129841524,19,3810,122526.958548,81024704.0028
429,2-3,Wall St,POINT (-74.00909999844257 40.70682099975338),-74.00909999844257,40.706820999753376,19,3810,122526.958548,81024704.0028
430,A,Dyckman St,POINT (-73.92727099960726 40.86549099896892),-73.92727099960726,40.865490998968916,10,3801,62589.0551493,81247268.6263
431,B-D,Grand St,POINT (-73.99375299913589 40.71826699954992),-73.99375299913589,40.71826699954992,18,3809,36351.6176183,48695493.6207
432,B-D-F-M,Broadway - Lafayette St,POINT (-73.99620399876055 40.72529699873805),-73.99620399876055,40.725296998738045,19,3810,122526.958548,81024704.0028
433,J-Z,Bowery,POINT (-73.99380690654237 40.72024688314725),-73.99380690654237,40.720246883147254,18,3809,36351.6176183,48695493.6207
434,N-Q,Canal St,POINT (-74.00105471306033 40.71881426358713),-74.00105471306033,40.718814263587134,19,3810,122526.958548,81024704.0028
435,A-C-E,23rd St,POINT (-73.99804100117201 40.74590599939995),-73.99804100117201,40.74590599939995,16,3807,71863.8360436,85622064.5857
436,A-C-E,34th St - Penn Station,POINT (-73.99339099970578 40.75228700077589),-73.99339099970578,40.752287000775894,16,3807,71863.8360436,85622064.5857
437,E-F-M-R,Jackson Hts - Roosevelt Av,POINT (-73.89129866519697 40.74653969115889),-73.89129866519697,40.74653969115889,47,4107,100417.206182,107515663.696
438,1-2-3,14th St,POINT (-74.00020100063497 40.73782599972812),-74.00020100063497,40.737825999728116,19,3810,122526.958548,81024704.0028
439,A-B-C,135th St,POINT (-73.94753480879213 40.81790555921268),-73.94753480879213,40.817905559212676,12,3803,38111.6886704,39843953.7438
440,F-M,14th St,POINT (-73.99620899921355 40.73822799969515),-73.99620899921355,40.73822799969515,16,3807,71863.8360436,85622064.5857
441,L,6th Ave,POINT (-73.99775078874781 40.73774146981052),-73.99775078874781,40.73774146981052,19,3810,122526.958548,81024704.0028
442,L,8th Ave,POINT (-74.00257800104762 40.73977666638199),-74.00257800104762,40.73977666638199,16,3807,71863.8360436,85622064.5857
443,A-C-E,14th St,POINT (-74.00168999937027 40.7408930001933),-74.00168999937027,40.740893000193296,16,3807,71863.8360436,85622064.5857
444,3-4,Nostrand Ave,POINT (-73.9504262489579 40.66993815093054),-73.9504262489579,40.66993815093054,28,4006,42559.3069581,61860727.1531
445,2-3,Clark St,POINT (-73.99308599821961 40.69746599996469),-73.99308599821961,40.69746599996469,26,4004,73010.0956282,86682052.0213
446,A-C,Franklin Ave,POINT (-73.95684800014614 40.68137966658742),-73.95684800014614,40.68137966658742,26,4004,73010.0956282,86682052.0213
447,A-C,Clinton - Washington Aves,POINT (-73.96583799857275 40.68326299912644),-73.96583799857275,40.68326299912644,26,4004,73010.0956282,86682052.0213
448,M,Forest Ave,POINT (-73.90307500005954 40.70441200087814),-73.90307500005954,40.70441200087814,50,4110,71251.3267965,205047603.928
449,4-6-6 Express,110th St,POINT (-73.94424999687163 40.79502000011311),-73.94424999687163,40.795020000113105,13,3804,62599.5024685,64612123.1374
450,4-5-6-6 Express,86th St,POINT (-73.95558899985132 40.77949199820952),-73.95558899985132,40.77949199820952,14,3805,54449.5033787,55222267.9563
451,F,York St,POINT (-73.98688499993673 40.69974266769157),-73.98688499993673,40.699742667691574,26,4004,73010.0956282,86682052.0213
452,A-C,High St,POINT (-73.99053100065458 40.69933699977884),-73.99053100065458,40.69933699977884,26,4004,73010.0956282,86682052.0213
453,A-C,Lafayette Ave,POINT (-73.97394599849406 40.68611300020567),-73.97394599849406,40.68611300020567,26,4004,73010.0956282,86682052.0213
454,2-5,President St,POINT (-73.95058920022207 40.66788360353681),-73.95058920022207,40.667883603536815,33,4011,34953.4245338,47617950.8156
455,4,Woodlawn,POINT (-73.87875099990931 40.88603700025332),-73.87875099990931,40.886037000253324,5,3706,51826.0737093,43886930.6821
456,4-6-6 Express,Bleecker St,POINT (-73.99465900006331 40.72591466682659),-73.99465900006331,40.72591466682659,19,3810,122526.958548,81024704.0028
457,4-6-6 Express,103rd St,POINT (-73.94747800152219 40.79060000008452),-73.94747800152219,40.79060000008452,13,3804,62599.5024685,64612123.1374
458,A-C-S,Euclid Ave,POINT (-73.87210600099675 40.67537699823936),-73.87210600099675,40.675376998239365,30,4008,97558.4670821,164339106.08
459,A-S,88th St,POINT (-73.85147000026086 40.67984300135503),-73.85147000026086,40.67984300135503,53,4113,111168.400005,172024816.056
460,Q,Cortelyou Rd,POINT (-73.96379005505493 40.6409401651401),-73.96379005505493,40.6409401651401,37,4015,50007.9713088,81045770.1741
461,4-6-6 Express,116th St,POINT (-73.9416169983714 40.7986290002001),-73.9416169983714,40.7986290002001,13,3804,62599.5024685,64612123.1374
462,6-6 Express,Parkchester,POINT (-73.86081600108396 40.83322599927859),-73.86081600108396,40.83322599927859,8,3709,73288.7773801,124117768.897
463,1-2,Franklin St,POINT (-74.00688600277107 40.71931800130213),-74.00688600277107,40.719318001302135,19,3810,122526.958548,81024704.0028
464,A-S,80th St,POINT (-73.85899200206335 40.67937100115432),-73.85899200206335,40.67937100115432,53,4113,111168.400005,172024816.056
465,7-7 Express,5th Ave - Bryant Pk,POINT (-73.98196299856706 40.75382100064824),-73.98196299856706,40.75382100064824,16,3807,71863.8360436,85622064.5857
466,4-6-6 Express,Spring St,POINT (-73.99714100006673 40.72230099999366),-73.99714100006673,40.72230099999366,19,3810,122526.958548,81024704.0028
467,4-5-6-6 Express,125th St,POINT (-73.93759400055725 40.80413800058724),-73.93759400055725,40.804138000587244,13,3804,62599.5024685,64612123.1374
468,D-F-N-Q,Coney Island - Stillwell Av,POINT (-73.9812359981396 40.57728100006751),-73.9812359981396,40.57728100006751,40,4018,76220.7229706,96030474.3336
469,7-7 Express,34th St - Hudson Yards,POINT (-74.00219709442206 40.75544635961596),-74.00219709442206,40.75544635961596,16,3807,71863.8360436,85622064.5857
470,Q,72nd St,POINT (-73.95836178682246 40.76880251014895),-73.95836178682246,40.76880251014895,14,3805,54449.5033787,55222267.9563
471,Q,86th St,POINT (-73.95177090964917 40.77786104333163),-73.95177090964917,40.77786104333163,14,3805,54449.5033787,55222267.9563
472,Q,96th St,POINT (-73.9470660219183 40.78423665017765),-73.9470660219183,40.784236650177654,13,3804,62599.5024685,64612123.1374
